Year,Month,System,TotalVolume_ML
2010,1,,0
2010,1,Ballarat,17050
2010,1,Bendigo,34561
2010,1,Broken,11012
2010,1,Campaspe,8138
2010,1,Geelong,31879
2010,1,Glenelg/Wimmera,93860
2010,1,Goulburn,1193527
2010,1,Latrobe,198671
2010,1,Loddon,12872
2010,1,Maribyrnong,1249
2010,1,Melbourne,654442
2010,1,Murray,1129160
2010,1,Ovens,35433
2010,1,South Gippsland,6523
2010,1,Thomson/Macalister,103340
2010,1,Werribee,6782
2010,2,,0
2010,2,Ballarat,16866
2010,2,Bendigo,34412
2010,2,Broken,9486
2010,2,Campaspe,7393
2010,2,Geelong,30258
2010,2,Glenelg/Wimmera,85090
2010,2,Goulburn,1110169
2010,2,Latrobe,191468
2010,2,Loddon,11339
2010,2,Maribyrnong,1181
2010,2,Melbourne,630961
2010,2,Murray,982630
2010,2,Ovens,33017
2010,2,South Gippsland,5921
2010,2,Thomson/Macalister,101311
2010,2,Werribee,7033
2010,3,,0
2010,3,Ballarat,17089
2010,3,Bendigo,34029
2010,3,Broken,9340
2010,3,Campaspe,7316
2010,3,Geelong,29041
2010,3,Glenelg/Wimmera,81690
2010,3,Goulburn,1050532
2010,3,Latrobe,186927
2010,3,Loddon,12317
2010,3,Maribyrnong,1152
2010,3,Melbourne,615560
2010,3,Murray,1061200
2010,3,Ovens,25287
2010,3,South Gippsland,5438
2010,3,Thomson/Macalister,86026
2010,3,Werribee,7761
2010,4,,0
2010,4,Ballarat,16462
2010,4,Bendigo,35462
2010,4,Broken,9012
2010,4,Campaspe,7986
2010,4,Geelong,28195
2010,4,Glenelg/Wimmera,79440
2010,4,Goulburn,988358
2010,4,Latrobe,182702
2010,4,Loddon,14814
2010,4,Maribyrnong,1132
2010,4,Melbourne,606390
2010,4,Murray,1651760
2010,4,Ovens,23950
2010,4,South Gippsland,5081
2010,4,Thomson/Macalister,73126
2010,4,Werribee,7400
2010,5,,0
2010,5,Ballarat,15367
2010,5,Bendigo,36657
2010,5,Broken,9012
2010,5,Campaspe,7384
2010,5,Geelong,28479
2010,5,Glenelg/Wimmera,77310
2010,5,Goulburn,1015798
2010,5,Latrobe,185807
2010,5,Loddon,12727
2010,5,Maribyrnong,1124
2010,5,Melbourne,592673
2010,5,Murray,1890050
2010,5,Ovens,22665
2010,5,South Gippsland,5322
2010,5,Thomson/Macalister,66958
2010,5,Werribee,7147
2010,6,,0
2010,6,Ballarat,15168
2010,6,Bendigo,37735
2010,6,Broken,11605
2010,6,Campaspe,8199
2010,6,Geelong,29754
2010,6,Glenelg/Wimmera,79020
2010,6,Goulburn,1164422
2010,6,Latrobe,196512
2010,6,Loddon,13317
2010,6,Maribyrnong,1160
2010,6,Melbourne,611414
2010,6,Murray,2032000
2010,6,Ovens,28280
2010,6,South Gippsland,6671
2010,6,Thomson/Macalister,92550
2010,6,Werribee,7055
2010,7,,0
2010,7,Ballarat,12615
2010,7,Bendigo,43922
2010,7,Broken,18981
2010,7,Campaspe,18437
2010,7,Geelong,31867
2010,7,Glenelg/Wimmera,85740
2010,7,Goulburn,1416606
2010,7,Latrobe,201972
2010,7,Loddon,21597
2010,7,Maribyrnong,1156
2010,7,Melbourne,642028
2010,7,Murray,2316150
2010,7,Ovens,28063
2010,7,South Gippsland,7884
2010,7,Thomson/Macalister,121328
2010,7,Werribee,7705
2010,8,,0
2010,8,Ballarat,22039
2010,8,Bendigo,72668
2010,8,Broken,40022
2010,8,Campaspe,70915
2010,8,Geelong,54908
2010,8,Glenelg/Wimmera,153770
2010,8,Goulburn,1932335
2010,8,Latrobe,212452
2010,8,Loddon,115270
2010,8,Maribyrnong,1706
2010,8,Melbourne,747555
2010,8,Murray,2783500
2010,8,Ovens,29606
2010,8,South Gippsland,8373
2010,8,Thomson/Macalister,164099
2010,8,Werribee,17553
2010,9,,0
2010,9,Ballarat,35831
2010,9,Bendigo,114175
2010,9,Broken,40458
2010,9,Campaspe,149190
2010,9,Geelong,68621
2010,9,Glenelg/Wimmera,208648
2010,9,Goulburn,2448195
2010,9,Latrobe,220408
2010,9,Loddon,207763
2010,9,Maribyrnong,3406
2010,9,Melbourne,850260
2010,9,Murray,3418080
2010,9,Ovens,27671
2010,9,South Gippsland,8373
2010,9,Thomson/Macalister,170588
2010,9,Werribee,31461
2010,10,,0
2010,10,Ballarat,37194
2010,10,Bendigo,119056
2010,10,Broken,41892
2010,10,Campaspe,184995
2010,10,Geelong,69183
2010,10,Glenelg/Wimmera,216810
2010,10,Goulburn,2600467
2010,10,Latrobe,228469
2010,10,Loddon,226346
2010,10,Maribyrnong,4108
2010,10,Melbourne,897087
2010,10,Murray,3716590
2010,10,Ovens,30628
2010,10,South Gippsland,8373
2010,10,Thomson/Macalister,173748
2010,10,Werribee,36320
2010,11,,0
2010,11,Ballarat,40644
2010,11,Bendigo,126614
2010,11,Broken,41170
2010,11,Campaspe,271660
2010,11,Geelong,69545
2010,11,Glenelg/Wimmera,211550
2010,11,Goulburn,2765776
2010,11,Latrobe,231928
2010,11,Loddon,232021
2010,11,Maribyrnong,10170
2010,11,Melbourne,929527
2010,11,Murray,3784000
2010,11,Ovens,28855
2010,11,South Gippsland,8373
2010,11,Thomson/Macalister,171463
2010,11,Werribee,57676
2010,12,,0
2010,12,Ballarat,43112
2010,12,Bendigo,126806
2010,12,Broken,40512
2010,12,Campaspe,251626
2010,12,Geelong,69290
2010,12,Glenelg/Wimmera,254490
2010,12,Goulburn,2998006
2010,12,Latrobe,238863
2010,12,Loddon,223728
2010,12,Maribyrnong,11078
2010,12,Melbourne,960925
2010,12,Murray,3711920
2010,12,Ovens,34570
2010,12,South Gippsland,8012
2010,12,Thomson/Macalister,170414
2010,12,Werribee,60605
2011,1,,0
2011,1,Ballarat,50960
2011,1,Bendigo,128289
2011,1,Broken,40403
2011,1,Campaspe,253045
2011,1,Geelong,73607
2011,1,Glenelg/Wimmera,323890
2011,1,Goulburn,3085799
2011,1,Latrobe,232406
2011,1,Loddon,222398
2011,1,Maribyrnong,16900
2011,1,Melbourne,959644
2011,1,Murray,3607380
2011,1,Ovens,35139
2011,1,South Gippsland,7495
2011,1,Thomson/Macalister,159631
2011,1,Werribee,66519
2011,2,,0
2011,2,Ballarat,54774
2011,2,Bendigo,126982
2011,2,Broken,40539
2011,2,Campaspe,251393
2011,2,Geelong,74030
2011,2,Glenelg/Wimmera,314400
2011,2,Goulburn,3188951
2011,2,Latrobe,233942
2011,2,Loddon,222535
2011,2,Maribyrnong,16884
2011,2,Melbourne,968377
2011,2,Murray,3770400
2011,2,Ovens,28530
2011,2,South Gippsland,7652
2011,2,Thomson/Macalister,159139
2011,2,Werribee,66724
2011,3,,0
2011,3,Ballarat,54154
2011,3,Bendigo,124678
2011,3,Broken,40392
2011,3,Campaspe,247352
2011,3,Geelong,71442
2011,3,Glenelg/Wimmera,305160
2011,3,Goulburn,3208143
2011,3,Latrobe,235606
2011,3,Loddon,219067
2011,3,Maribyrnong,16731
2011,3,Melbourne,958321
2011,3,Murray,3847470
2011,3,Ovens,27631
2011,3,South Gippsland,7254
2011,3,Thomson/Macalister,166613
2011,3,Werribee,64588
2011,4,,0
2011,4,Ballarat,53467
2011,4,Bendigo,123830
2011,4,Broken,40366
2011,4,Campaspe,243837
2011,4,Geelong,69406
2011,4,Glenelg/Wimmera,305030
2011,4,Goulburn,3214441
2011,4,Latrobe,234504
2011,4,Loddon,214685
2011,4,Maribyrnong,16654
2011,4,Melbourne,962143
2011,4,Murray,3847470
2011,4,Ovens,27521
2011,4,South Gippsland,8356
2011,4,Thomson/Macalister,150474
2011,4,Werribee,63043
2011,5,,0
2011,5,Ballarat,52851
2011,5,Bendigo,122597
2011,5,Broken,40545
2011,5,Campaspe,242880
2011,5,Geelong,68972
2011,5,Glenelg/Wimmera,300140
2011,5,Goulburn,3192557
2011,5,Latrobe,238741
2011,5,Loddon,215647
2011,5,Maribyrnong,16624
2011,5,Melbourne,975794
2011,5,Murray,3839123
2011,5,Ovens,26123
2011,5,South Gippsland,8373
2011,5,Thomson/Macalister,142637
2011,5,Werribee,62531
2011,6,,0
2011,6,Ballarat,53500
2011,6,Bendigo,123733
2011,6,Broken,40567
2011,6,Campaspe,240769
2011,6,Geelong,72416
2011,6,Glenelg/Wimmera,305530
2011,6,Goulburn,3315719
2011,6,Latrobe,241460
2011,6,Loddon,215613
2011,6,Maribyrnong,16716
2011,6,Melbourne,1006944
2011,6,Murray,3926160
2011,6,Ovens,27567
2011,6,South Gippsland,8373
2011,6,Thomson/Macalister,145965
2011,6,Werribee,66275
2011,7,,0
2011,7,Ballarat,56513
2011,7,Bendigo,126825
2011,7,Broken,40730
2011,7,Campaspe,250078
2011,7,Geelong,82480
2011,7,Glenelg/Wimmera,333470
2011,7,Goulburn,3436760
2011,7,Latrobe,243584
2011,7,Loddon,221411
2011,7,Maribyrnong,17070
2011,7,Melbourne,1073494
2011,7,Murray,4024920
2011,7,Ovens,28247
2011,7,South Gippsland,8373
2011,7,Thomson/Macalister,144374
2011,7,Werribee,64844
2011,8,,0
2011,8,Ballarat,56637
2011,8,Bendigo,127167
2011,8,Broken,40651
2011,8,Campaspe,248620
2011,8,Geelong,88049
2011,8,Glenelg/Wimmera,366710
2011,8,Goulburn,3612725
2011,8,Latrobe,243364
2011,8,Loddon,229377
2011,8,Maribyrnong,17430
2011,8,Melbourne,1109500
2011,8,Murray,4115000
2011,8,Ovens,28309
2011,8,South Gippsland,8373
2011,8,Thomson/Macalister,150798
2011,8,Werribee,65325
2011,9,,0
2011,9,Ballarat,56415
2011,9,Bendigo,127990
2011,9,Broken,41542
2011,9,Campaspe,253012
2011,9,Geelong,86533
2011,9,Glenelg/Wimmera,365360
2011,9,Goulburn,3666325
2011,9,Latrobe,243838
2011,9,Loddon,230728
2011,9,Maribyrnong,18016
2011,9,Melbourne,1126052
2011,9,Murray,4189000
2011,9,Ovens,32488
2011,9,South Gippsland,8372
2011,9,Thomson/Macalister,168502
2011,9,Werribee,64742
2011,10,,0
2011,10,Ballarat,56582
2011,10,Bendigo,126510
2011,10,Broken,40319
2011,10,Campaspe,244027
2011,10,Geelong,85500
2011,10,Glenelg/Wimmera,362630
2011,10,Goulburn,3743839
2011,10,Latrobe,243989
2011,10,Loddon,229339
2011,10,Maribyrnong,18403
2011,10,Melbourne,1150654
2011,10,Murray,4241700
2011,10,Ovens,36541
2011,10,South Gippsland,8350
2011,10,Thomson/Macalister,174278
2011,10,Werribee,64848
2011,11,,0
2011,11,Ballarat,56406
2011,11,Bendigo,124833
2011,11,Broken,40357
2011,11,Campaspe,236889
2011,11,Geelong,84519
2011,11,Glenelg/Wimmera,347430
2011,11,Goulburn,3706861
2011,11,Latrobe,242384
2011,11,Loddon,226608
2011,11,Maribyrnong,18436
2011,11,Melbourne,1180002
2011,11,Murray,4230310
2011,11,Ovens,37147
2011,11,South Gippsland,8373
2011,11,Thomson/Macalister,176050
2011,11,Werribee,64145
2011,12,,0
2011,12,Ballarat,55697
2011,12,Bendigo,121861
2011,12,Broken,39584
2011,12,Campaspe,229702
2011,12,Geelong,80140
2011,12,Glenelg/Wimmera,343740
2011,12,Goulburn,3619883
2011,12,Latrobe,244856
2011,12,Loddon,218161
2011,12,Maribyrnong,18112
2011,12,Melbourne,1197763
2011,12,Murray,4073020
2011,12,Ovens,36865
2011,12,South Gippsland,8024
2011,12,Thomson/Macalister,173395
2011,12,Werribee,62627
2012,1,,0
2012,1,Ballarat,53499
2012,1,Bendigo,116170
2012,1,Broken,37910
2012,1,Campaspe,220870
2012,1,Geelong,72178
2012,1,Glenelg/Wimmera,318340
2012,1,Goulburn,3450271
2012,1,Latrobe,243753
2012,1,Loddon,208418
2012,1,Maribyrnong,17729
2012,1,Melbourne,1181665
2012,1,Murray,3826760
2012,1,Ovens,36956
2012,1,South Gippsland,7345
2012,1,Thomson/Macalister,147084
2012,1,Werribee,58140
2012,2,,0
2012,2,Ballarat,51506
2012,2,Bendigo,115140
2012,2,Broken,37699
2012,2,Campaspe,221077
2012,2,Geelong,73321
2012,2,Glenelg/Wimmera,301770
2012,2,Goulburn,3381419
2012,2,Latrobe,240857
2012,2,Loddon,209633
2012,2,Maribyrnong,17430
2012,2,Melbourne,1164622
2012,2,Murray,3662260
2012,2,Ovens,36389
2012,2,South Gippsland,6789
2012,2,Thomson/Macalister,141690
2012,2,Werribee,54280
2012,3,,0
2012,3,Ballarat,50684
2012,3,Bendigo,113398
2012,3,Broken,40445
2012,3,Campaspe,221129
2012,3,Geelong,70984
2012,3,Glenelg/Wimmera,292300
2012,3,Goulburn,3406403
2012,3,Latrobe,242635
2012,3,Loddon,207321
2012,3,Maribyrnong,17492
2012,3,Melbourne,1174288
2012,3,Murray,3907770
2012,3,Ovens,32514
2012,3,South Gippsland,6532
2012,3,Thomson/Macalister,149987
2012,3,Werribee,52610
2012,4,,0
2012,4,Ballarat,49710
2012,4,Bendigo,111511
2012,4,Broken,39942
2012,4,Campaspe,214650
2012,4,Geelong,68985
2012,4,Glenelg/Wimmera,280372
2012,4,Goulburn,3233650
2012,4,Latrobe,243087
2012,4,Loddon,201360
2012,4,Maribyrnong,17273
2012,4,Melbourne,1168451
2012,4,Murray,4042810
2012,4,Ovens,32163
2012,4,South Gippsland,6496
2012,4,Thomson/Macalister,140119
2012,4,Werribee,50524
2012,5,,0
2012,5,Ballarat,49103
2012,5,Bendigo,109526
2012,5,Broken,39822
2012,5,Campaspe,215198
2012,5,Geelong,69046
2012,5,Glenelg/Wimmera,276867
2012,5,Goulburn,3201741
2012,5,Latrobe,242289
2012,5,Loddon,197925
2012,5,Maribyrnong,17195
2012,5,Melbourne,1179247
2012,5,Murray,4131760
2012,5,Ovens,27336
2012,5,South Gippsland,8373
2012,5,Thomson/Macalister,138751
2012,5,Werribee,49767
2012,6,,0
2012,6,Ballarat,53378
2012,6,Bendigo,111864
2012,6,Broken,40801
2012,6,Campaspe,219734
2012,6,Geelong,80423
2012,6,Glenelg/Wimmera,276760
2012,6,Goulburn,3410846
2012,6,Latrobe,243756
2012,6,Loddon,200959
2012,6,Maribyrnong,18484
2012,6,Melbourne,1271032
2012,6,Murray,4323550
2012,6,Ovens,28522
2012,6,South Gippsland,8373
2012,6,Thomson/Macalister,155183
2012,6,Werribee,61203
2012,7,,36258
2012,7,Ballarat,56502
2012,7,Bendigo,126533
2012,7,Broken,40768
2012,7,Campaspe,240205
2012,7,Geelong,86441
2012,7,Glenelg/Wimmera,292010
2012,7,Goulburn,3487078
2012,7,Latrobe,244112
2012,7,Loddon,226232
2012,7,Maribyrnong,20052
2012,7,Melbourne,1326440
2012,7,Murray,4512185
2012,7,Ovens,28501
2012,7,South Gippsland,8373
2012,7,Thomson/Macalister,159795
2012,7,Werribee,63742
2012,8,,41327
2012,8,Ballarat,57787
2012,8,Bendigo,129540
2012,8,Broken,40828
2012,8,Campaspe,253344
2012,8,Geelong,91087
2012,8,Glenelg/Wimmera,314020
2012,8,Goulburn,3646940
2012,8,Latrobe,244235
2012,8,Loddon,230819
2012,8,Maribyrnong,23683
2012,8,Melbourne,1390887
2012,8,Murray,4639569
2012,8,Ovens,28303
2012,8,South Gippsland,8373
2012,8,Thomson/Macalister,169022
2012,8,Werribee,68174
2012,9,,46644
2012,9,Ballarat,58038
2012,9,Bendigo,126781
2012,9,Broken,40528
2012,9,Campaspe,248199
2012,9,Geelong,92396
2012,9,Glenelg/Wimmera,320330
2012,9,Goulburn,3746069
2012,9,Latrobe,244436
2012,9,Loddon,231308
2012,9,Maribyrnong,24108
2012,9,Melbourne,1453754
2012,9,Murray,4771307
2012,9,Ovens,27903
2012,9,South Gippsland,8373
2012,9,Thomson/Macalister,175572
2012,9,Werribee,67560
2012,10,,43072
2012,10,Ballarat,57886
2012,10,Bendigo,125966
2012,10,Broken,40168
2012,10,Campaspe,244836
2012,10,Geelong,91988
2012,10,Glenelg/Wimmera,304691
2012,10,Goulburn,3730562
2012,10,Latrobe,243959
2012,10,Loddon,228352
2012,10,Maribyrnong,24091
2012,10,Melbourne,1471321
2012,10,Murray,4734579
2012,10,Ovens,35363
2012,10,South Gippsland,8246
2012,10,Thomson/Macalister,171288
2012,10,Werribee,66852
2012,11,,42320
2012,11,Ballarat,56549
2012,11,Bendigo,121880
2012,11,Broken,38614
2012,11,Campaspe,227997
2012,11,Geelong,88400
2012,11,Glenelg/Wimmera,286180
2012,11,Goulburn,3530264
2012,11,Latrobe,242448
2012,11,Loddon,218561
2012,11,Maribyrnong,23801
2012,11,Melbourne,1472268
2012,11,Murray,4600231
2012,11,Ovens,37239
2012,11,South Gippsland,7772
2012,11,Thomson/Macalister,158976
2012,11,Werribee,63545
2012,12,,41574
2012,12,Ballarat,56016
2012,12,Bendigo,116721
2012,12,Broken,35592
2012,12,Campaspe,220137
2012,12,Geelong,84684
2012,12,Glenelg/Wimmera,269030
2012,12,Goulburn,3323816
2012,12,Latrobe,241633
2012,12,Loddon,209847
2012,12,Maribyrnong,23287
2012,12,Melbourne,1461678
2012,12,Murray,4143561
2012,12,Ovens,37080
2012,12,South Gippsland,7506
2012,12,Thomson/Macalister,128639
2012,12,Werribee,59359
2013,1,,44081
2013,1,Ballarat,52727
2013,1,Bendigo,110343
2013,1,Broken,31534
2013,1,Campaspe,210808
2013,1,Geelong,79100
2013,1,Glenelg/Wimmera,247900
2013,1,Goulburn,3064463
2013,1,Latrobe,236828
2013,1,Loddon,196602
2013,1,Maribyrnong,22687
2013,1,Melbourne,1414554
2013,1,Murray,3731259
2013,1,Ovens,34109
2013,1,South Gippsland,6063
2013,1,Thomson/Macalister,93909
2013,1,Werribee,56412
2013,2,,53198
2013,2,Ballarat,51281
2013,2,Bendigo,103770
2013,2,Broken,28959
2013,2,Campaspe,204710
2013,2,Geelong,74482
2013,2,Glenelg/Wimmera,226989
2013,2,Goulburn,2887100
2013,2,Latrobe,229497
2013,2,Loddon,186291
2013,2,Maribyrnong,23085
2013,2,Melbourne,1373503
2013,2,Murray,3501532
2013,2,Ovens,28759
2013,2,South Gippsland,5318
2013,2,Thomson/Macalister,71452
2013,2,Werribee,52041
2013,3,,42928
2013,3,Ballarat,49519
2013,3,Bendigo,99927
2013,3,Broken,26774
2013,3,Campaspe,195728
2013,3,Geelong,69432
2013,3,Glenelg/Wimmera,218100
2013,3,Goulburn,2684780
2013,3,Latrobe,220553
2013,3,Loddon,168106
2013,3,Maribyrnong,22051
2013,3,Melbourne,1333831
2013,3,Murray,3483590
2013,3,Ovens,28463
2013,3,South Gippsland,4803
2013,3,Thomson/Macalister,52387
2013,3,Werribee,49567
2013,4,,37019
2013,4,Ballarat,48303
2013,4,Bendigo,97076
2013,4,Broken,25161
2013,4,Campaspe,190490
2013,4,Geelong,66204
2013,4,Glenelg/Wimmera,202230
2013,4,Goulburn,2516076
2013,4,Latrobe,214249
2013,4,Loddon,153586
2013,4,Maribyrnong,21734
2013,4,Melbourne,1300555
2013,4,Murray,3475218
2013,4,Ovens,24026
2013,4,South Gippsland,4316
2013,4,Thomson/Macalister,36530
2013,4,Werribee,47449
2013,5,,30593
2013,5,Ballarat,47294
2013,5,Bendigo,95067
2013,5,Broken,24699
2013,5,Campaspe,186568
2013,5,Geelong,63895
2013,5,Glenelg/Wimmera,205320
2013,5,Goulburn,2481989
2013,5,Latrobe,216938
2013,5,Loddon,148033
2013,5,Maribyrnong,21527
2013,5,Melbourne,1268544
2013,5,Murray,3557919
2013,5,Ovens,25462
2013,5,South Gippsland,4314
2013,5,Thomson/Macalister,22237
2013,5,Werribee,46458
2013,6,,30333
2013,6,Ballarat,46684
2013,6,Bendigo,95024
2013,6,Broken,25054
2013,6,Campaspe,185494
2013,6,Geelong,65074
2013,6,Glenelg/Wimmera,204060
2013,6,Goulburn,2541116
2013,6,Latrobe,239903
2013,6,Loddon,148483
2013,6,Maribyrnong,21716
2013,6,Melbourne,1282914
2013,6,Murray,3850921
2013,6,Ovens,26352
2013,6,South Gippsland,6294
2013,6,Thomson/Macalister,104980
2013,6,Werribee,46913
2013,7,,43170
2013,7,Ballarat,46400
2013,7,Bendigo,100906
2013,7,Broken,31334
2013,7,Campaspe,188114
2013,7,Geelong,66040
2013,7,Glenelg/Wimmera,222579
2013,7,Goulburn,2763820
2013,7,Latrobe,246624
2013,7,Loddon,151330
2013,7,Maribyrnong,22831
2013,7,Melbourne,1305126
2013,7,Murray,4221428
2013,7,Ovens,28927
2013,7,South Gippsland,7703
2013,7,Thomson/Macalister,159165
2013,7,Werribee,48660
2013,8,,44672
2013,8,Ballarat,47794
2013,8,Bendigo,121732
2013,8,Broken,40757
2013,8,Campaspe,208009
2013,8,Geelong,79382
2013,8,Glenelg/Wimmera,269800
2013,8,Goulburn,3386566
2013,8,Latrobe,246612
2013,8,Loddon,170486
2013,8,Maribyrnong,23339
2013,8,Melbourne,1391844
2013,8,Murray,4307276
2013,8,Ovens,29012
2013,8,South Gippsland,9979
2013,8,Thomson/Macalister,165383
2013,8,Werribee,53217
2013,9,,47730
2013,9,Ballarat,49010
2013,9,Bendigo,127718
2013,9,Broken,40714
2013,9,Campaspe,225724
2013,9,Geelong,82962
2013,9,Glenelg/Wimmera,286780
2013,9,Goulburn,3565381
2013,9,Latrobe,241757
2013,9,Loddon,181955
2013,9,Maribyrnong,23248
2013,9,Melbourne,1425846
2013,9,Murray,4347889
2013,9,Ovens,28106
2013,9,South Gippsland,10573
2013,9,Thomson/Macalister,177640
2013,9,Werribee,56118
2013,10,,46808
2013,10,Ballarat,49785
2013,10,Bendigo,126431
2013,10,Broken,40354
2013,10,Campaspe,230587
2013,10,Geelong,87083
2013,10,Glenelg/Wimmera,288050
2013,10,Goulburn,3530565
2013,10,Latrobe,243101
2013,10,Loddon,183846
2013,10,Maribyrnong,23539
2013,10,Melbourne,1452829
2013,10,Murray,4209042
2013,10,Ovens,35483
2013,10,South Gippsland,10573
2013,10,Thomson/Macalister,177040
2013,10,Werribee,58758
2013,11,,42966
2013,11,Ballarat,49766
2013,11,Bendigo,124460
2013,11,Broken,39521
2013,11,Campaspe,213570
2013,11,Geelong,88332
2013,11,Glenelg/Wimmera,275030
2013,11,Goulburn,3377414
2013,11,Latrobe,244545
2013,11,Loddon,178595
2013,11,Maribyrnong,23469
2013,11,Melbourne,1467136
2013,11,Murray,4092782
2013,11,Ovens,37005
2013,11,South Gippsland,10545
2013,11,Thomson/Macalister,176404
2013,11,Werribee,58474
2013,12,,47299
2013,12,Ballarat,47795
2013,12,Bendigo,119936
2013,12,Broken,38162
2013,12,Campaspe,207008
2013,12,Geelong,85470
2013,12,Glenelg/Wimmera,257031
2013,12,Goulburn,3198547
2013,12,Latrobe,243942
2013,12,Loddon,171648
2013,12,Maribyrnong,22868
2013,12,Melbourne,1460544
2013,12,Murray,3729960
2013,12,Ovens,36850
2013,12,South Gippsland,10157
2013,12,Thomson/Macalister,158000
2013,12,Werribee,54863
2014,1,,42648
2014,1,Ballarat,46318
2014,1,Bendigo,114472
2014,1,Broken,34537
2014,1,Campaspe,197772
2014,1,Geelong,80177
2014,1,Glenelg/Wimmera,245056
2014,1,Goulburn,2969704
2014,1,Latrobe,239543
2014,1,Loddon,162080
2014,1,Maribyrnong,22136
2014,1,Melbourne,1421422
2014,1,Murray,3456195
2014,1,Ovens,35299
2014,1,South Gippsland,9282
2014,1,Thomson/Macalister,122482
2014,1,Werribee,49624
2014,2,,49464
2014,2,Ballarat,44011
2014,2,Bendigo,106617
2014,2,Broken,30753
2014,2,Campaspe,184519
2014,2,Geelong,74603
2014,2,Glenelg/Wimmera,223934
2014,2,Goulburn,2758449
2014,2,Latrobe,230840
2014,2,Loddon,152516
2014,2,Maribyrnong,21400
2014,2,Melbourne,1377801
2014,2,Murray,3219563
2014,2,Ovens,28761
2014,2,South Gippsland,8458
2014,2,Thomson/Macalister,87873
2014,2,Werribee,45040
2014,3,,45988
2014,3,Ballarat,43035
2014,3,Bendigo,101860
2014,3,Broken,28213
2014,3,Campaspe,176409
2014,3,Geelong,71249
2014,3,Glenelg/Wimmera,209500
2014,3,Goulburn,2553495
2014,3,Latrobe,224651
2014,3,Loddon,141504
2014,3,Maribyrnong,20684
2014,3,Melbourne,1338921
2014,3,Murray,3051818
2014,3,Ovens,24677
2014,3,South Gippsland,7894
2014,3,Thomson/Macalister,66687
2014,3,Werribee,42236
2014,4,,40241
2014,4,Ballarat,42138
2014,4,Bendigo,99973
2014,4,Broken,27305
2014,4,Campaspe,175330
2014,4,Geelong,68769
2014,4,Glenelg/Wimmera,203099
2014,4,Goulburn,2512771
2014,4,Latrobe,227883
2014,4,Loddon,133413
2014,4,Maribyrnong,20123
2014,4,Melbourne,1318758
2014,4,Murray,3072720
2014,4,Ovens,22507
2014,4,South Gippsland,7644
2014,4,Thomson/Macalister,72212
2014,4,Werribee,41236
2014,5,,34051
2014,5,Ballarat,41400
2014,5,Bendigo,98535
2014,5,Broken,28549
2014,5,Campaspe,175223
2014,5,Geelong,66857
2014,5,Glenelg/Wimmera,199387
2014,5,Goulburn,2561069
2014,5,Latrobe,229950
2014,5,Loddon,130872
2014,5,Maribyrnong,19628
2014,5,Melbourne,1293418
2014,5,Murray,3218204
2014,5,Ovens,27839
2014,5,South Gippsland,7126
2014,5,Thomson/Macalister,74332
2014,5,Werribee,40188
2014,6,,44659
2014,6,Ballarat,41223
2014,6,Bendigo,99275
2014,6,Broken,33500
2014,6,Campaspe,174735
2014,6,Geelong,68540
2014,6,Glenelg/Wimmera,204630
2014,6,Goulburn,2728875
2014,6,Latrobe,241412
2014,6,Loddon,128748
2014,6,Maribyrnong,19078
2014,6,Melbourne,1320059
2014,6,Murray,3445021
2014,6,Ovens,30482
2014,6,South Gippsland,7522
2014,6,Thomson/Macalister,108020
2014,6,Werribee,39463
2014,7,,40067
2014,7,Ballarat,41424
2014,7,Bendigo,107740
2014,7,Broken,40836
2014,7,Campaspe,180879
2014,7,Geelong,76789
2014,7,Glenelg/Wimmera,228239
2014,7,Goulburn,3171104
2014,7,Latrobe,238725
2014,7,Loddon,139122
2014,7,Maribyrnong,18676
2014,7,Melbourne,1404705
2014,7,Murray,3798463
2014,7,Ovens,29026
2014,7,South Gippsland,10573
2014,7,Thomson/Macalister,163117
2014,7,Werribee,40667
2014,8,,43232
2014,8,Ballarat,45347
2014,8,Bendigo,112639
2014,8,Broken,40550
2014,8,Campaspe,174110
2014,8,Geelong,80555
2014,8,Glenelg/Wimmera,248395
2014,8,Goulburn,3324727
2014,8,Latrobe,243691
2014,8,Loddon,142909
2014,8,Maribyrnong,18264
2014,8,Melbourne,1444233
2014,8,Murray,3942682
2014,8,Ovens,32281
2014,8,South Gippsland,10573
2014,8,Thomson/Macalister,160404
2014,8,Werribee,42322
2014,9,,48570
2014,9,Ballarat,45709
2014,9,Bendigo,112060
2014,9,Broken,40479
2014,9,Campaspe,171977
2014,9,Geelong,79380
2014,9,Glenelg/Wimmera,238756
2014,9,Goulburn,3332595
2014,9,Latrobe,244548
2014,9,Loddon,136851
2014,9,Maribyrnong,17913
2014,9,Melbourne,1457833
2014,9,Murray,4003451
2014,9,Ovens,32352
2014,9,South Gippsland,10542
2014,9,Thomson/Macalister,176015
2014,9,Werribee,41743
2014,10,,41711
2014,10,Ballarat,45010
2014,10,Bendigo,110346
2014,10,Broken,39733
2014,10,Campaspe,151789
2014,10,Geelong,76202
2014,10,Glenelg/Wimmera,224055
2014,10,Goulburn,3123123
2014,10,Latrobe,244504
2014,10,Loddon,131589
2014,10,Maribyrnong,17412
2014,10,Melbourne,1443584
2014,10,Murray,3901656
2014,10,Ovens,37039
2014,10,South Gippsland,10384
2014,10,Thomson/Macalister,173642
2014,10,Werribee,39699
2014,11,,43199
2014,11,Ballarat,45420
2014,11,Bendigo,105538
2014,11,Broken,37910
2014,11,Campaspe,131878
2014,11,Geelong,72915
2014,11,Glenelg/Wimmera,206861
2014,11,Goulburn,2976446
2014,11,Latrobe,244175
2014,11,Loddon,126240
2014,11,Maribyrnong,16548
2014,11,Melbourne,1422600
2014,11,Murray,3646799
2014,11,Ovens,37155
2014,11,South Gippsland,9797
2014,11,Thomson/Macalister,159106
2014,11,Werribee,36805
2014,12,,40767
2014,12,Ballarat,43288
2014,12,Bendigo,101603
2014,12,Broken,35083
2014,12,Campaspe,122667
2014,12,Geelong,69567
2014,12,Glenelg/Wimmera,195036
2014,12,Goulburn,2801047
2014,12,Latrobe,238535
2014,12,Loddon,119054
2014,12,Maribyrnong,15732
2014,12,Melbourne,1397085
2014,12,Murray,3273440
2014,12,Ovens,36125
2014,12,South Gippsland,9110
2014,12,Thomson/Macalister,165605
2014,12,Werribee,34721
2015,1,,40985
2015,1,Ballarat,41116
2015,1,Bendigo,94932
2015,1,Broken,32625
2015,1,Campaspe,119836
2015,1,Geelong,65201
2015,1,Glenelg/Wimmera,183678
2015,1,Goulburn,2619319
2015,1,Latrobe,233678
2015,1,Loddon,114069
2015,1,Maribyrnong,14869
2015,1,Melbourne,1364106
2015,1,Murray,3269473
2015,1,Ovens,34016
2015,1,South Gippsland,8371
2015,1,Thomson/Macalister,134490
2015,1,Werribee,32082
2015,2,,42955
2015,2,Ballarat,40072
2015,2,Bendigo,90476
2015,2,Broken,29397
2015,2,Campaspe,113908
2015,2,Geelong,61787
2015,2,Glenelg/Wimmera,169967
2015,2,Goulburn,2451091
2015,2,Latrobe,233086
2015,2,Loddon,107991
2015,2,Maribyrnong,14084
2015,2,Melbourne,1328860
2015,2,Murray,2701207
2015,2,Ovens,29292
2015,2,South Gippsland,7843
2015,2,Thomson/Macalister,114652
2015,2,Werribee,29431
2015,3,,42345
2015,3,Ballarat,38151
2015,3,Bendigo,84426
2015,3,Broken,24934
2015,3,Campaspe,108455
2015,3,Geelong,57829
2015,3,Glenelg/Wimmera,157417
2015,3,Goulburn,2188784
2015,3,Latrobe,234398
2015,3,Loddon,99079
2015,3,Maribyrnong,13114
2015,3,Melbourne,1287680
2015,3,Murray,2360797
2015,3,Ovens,22621
2015,3,South Gippsland,7321
2015,3,Thomson/Macalister,78029
2015,3,Werribee,26531
2015,4,,40533
2015,4,Ballarat,37445
2015,4,Bendigo,80850
2015,4,Broken,22069
2015,4,Campaspe,105529
2015,4,Geelong,55002
2015,4,Glenelg/Wimmera,153582
2015,4,Goulburn,2097786
2015,4,Latrobe,222056
2015,4,Loddon,86024
2015,4,Maribyrnong,12514
2015,4,Melbourne,1261304
2015,4,Murray,2361268
2015,4,Ovens,21287
2015,4,South Gippsland,7000
2015,4,Thomson/Macalister,76078
2015,4,Werribee,25195
2015,5,,36844
2015,5,Ballarat,36884
2015,5,Bendigo,79651
2015,5,Broken,21721
2015,5,Campaspe,104126
2015,5,Geelong,54784
2015,5,Glenelg/Wimmera,152496
2015,5,Goulburn,2103728
2015,5,Latrobe,225395
2015,5,Loddon,87147
2015,5,Maribyrnong,11899
2015,5,Melbourne,1250214
2015,5,Murray,2421479
2015,5,Ovens,24573
2015,5,South Gippsland,7175
2015,5,Thomson/Macalister,93482
2015,5,Werribee,24279
2015,6,,44502
2015,6,Ballarat,36312
2015,6,Bendigo,78531
2015,6,Broken,21462
2015,6,Campaspe,103377
2015,6,Geelong,54623
2015,6,Glenelg/Wimmera,156483
2015,6,Goulburn,2052884
2015,6,Latrobe,243989
2015,6,Loddon,84132
2015,6,Maribyrnong,11180
2015,6,Melbourne,1238461
2015,6,Murray,2661092
2015,6,Ovens,27922
2015,6,South Gippsland,7035
2015,6,Thomson/Macalister,118120
2015,6,Werribee,23950
2015,7,,37996
2015,7,Ballarat,36146
2015,7,Bendigo,78758
2015,7,Broken,22125
2015,7,Campaspe,101928
2015,7,Geelong,55900
2015,7,Glenelg/Wimmera,164466
2015,7,Goulburn,2185292
2015,7,Latrobe,243932
2015,7,Loddon,82265
2015,7,Maribyrnong,10861
2015,7,Melbourne,1259846
2015,7,Murray,2619456
2015,7,Ovens,28683
2015,7,South Gippsland,7629
2015,7,Thomson/Macalister,162336
2015,7,Werribee,23350
2015,8,,42425
2015,8,Ballarat,36331
2015,8,Bendigo,78493
2015,8,Broken,22759
2015,8,Campaspe,96143
2015,8,Geelong,58762
2015,8,Glenelg/Wimmera,172950
2015,8,Goulburn,2294261
2015,8,Latrobe,243657
2015,8,Loddon,77634
2015,8,Maribyrnong,10469
2015,8,Melbourne,1320257
2015,8,Murray,2741978
2015,8,Ovens,30016
2015,8,South Gippsland,9621
2015,8,Thomson/Macalister,173554
2015,8,Werribee,21959
2015,9,,43407
2015,9,Ballarat,36608
2015,9,Bendigo,77783
2015,9,Broken,22569
2015,9,Campaspe,92115
2015,9,Geelong,59488
2015,9,Glenelg/Wimmera,175320
2015,9,Goulburn,2224850
2015,9,Latrobe,244477
2015,9,Loddon,74113
2015,9,Maribyrnong,10095
2015,9,Melbourne,1350052
2015,9,Murray,2705727
2015,9,Ovens,35098
2015,9,South Gippsland,9751
2015,9,Thomson/Macalister,175980
2015,9,Werribee,23246
2015,10,,42510
2015,10,Ballarat,35500
2015,10,Bendigo,74649
2015,10,Broken,21509
2015,10,Campaspe,83868
2015,10,Geelong,55566
2015,10,Glenelg/Wimmera,166929
2015,10,Goulburn,2006761
2015,10,Latrobe,242706
2015,10,Loddon,67827
2015,10,Maribyrnong,9394
2015,10,Melbourne,1326842
2015,10,Murray,2574219
2015,10,Ovens,37019
2015,10,South Gippsland,9251
2015,10,Thomson/Macalister,164500
2015,10,Werribee,21593
2015,11,,37092
2015,11,Ballarat,34546
2015,11,Bendigo,69967
2015,11,Broken,20495
2015,11,Campaspe,78465
2015,11,Geelong,51956
2015,11,Glenelg/Wimmera,157350
2015,11,Goulburn,1937568
2015,11,Latrobe,241592
2015,11,Loddon,63654
2015,11,Maribyrnong,8668
2015,11,Melbourne,1294581
2015,11,Murray,2406576
2015,11,Ovens,36959
2015,11,South Gippsland,8554
2015,11,Thomson/Macalister,154692
2015,11,Werribee,20321
2015,12,,37611
2015,12,Ballarat,32963
2015,12,Bendigo,63709
2015,12,Broken,17939
2015,12,Campaspe,72446
2015,12,Geelong,46920
2015,12,Glenelg/Wimmera,147450
2015,12,Goulburn,1797385
2015,12,Latrobe,229760
2015,12,Loddon,57918
2015,12,Maribyrnong,7730
2015,12,Melbourne,1246743
2015,12,Murray,2073987
2015,12,Ovens,35783
2015,12,South Gippsland,7612
2015,12,Thomson/Macalister,122234
2015,12,Werribee,17588
2016,1,,41820
2016,1,Ballarat,31856
2016,1,Bendigo,58767
2016,1,Broken,16099
2016,1,Campaspe,68147
2016,1,Geelong,41678
2016,1,Glenelg/Wimmera,140445
2016,1,Goulburn,1688230
2016,1,Latrobe,224959
2016,1,Loddon,52882
2016,1,Maribyrnong,6680
2016,1,Melbourne,1206666
2016,1,Murray,1854858
2016,1,Ovens,32067
2016,1,South Gippsland,6651
2016,1,Thomson/Macalister,106395
2016,1,Werribee,14847
2016,2,,39191
2016,2,Ballarat,31059
2016,2,Bendigo,55758
2016,2,Broken,13731
2016,2,Campaspe,60238
2016,2,Geelong,37696
2016,2,Glenelg/Wimmera,130600
2016,2,Goulburn,1558610
2016,2,Latrobe,216666
2016,2,Loddon,48324
2016,2,Maribyrnong,5843
2016,2,Melbourne,1165712
2016,2,Murray,1556219
2016,2,Ovens,25458
2016,2,South Gippsland,6136
2016,2,Thomson/Macalister,81787
2016,2,Werribee,13530
2016,3,,42086
2016,3,Ballarat,30566
2016,3,Bendigo,53363
2016,3,Broken,10865
2016,3,Campaspe,52172
2016,3,Geelong,33485
2016,3,Glenelg/Wimmera,123960
2016,3,Goulburn,1363897
2016,3,Latrobe,209274
2016,3,Loddon,40497
2016,3,Maribyrnong,4856
2016,3,Melbourne,1123991
2016,3,Murray,1515523
2016,3,Ovens,16571
2016,3,South Gippsland,5526
2016,3,Thomson/Macalister,65649
2016,3,Werribee,11459
2016,4,,44154
2016,4,Ballarat,30424
2016,4,Bendigo,51803
2016,4,Broken,8944
2016,4,Campaspe,47491
2016,4,Geelong,31202
2016,4,Glenelg/Wimmera,119235
2016,4,Goulburn,1220525
2016,4,Latrobe,191910
2016,4,Loddon,34537
2016,4,Maribyrnong,4357
2016,4,Melbourne,1085624
2016,4,Murray,1386895
2016,4,Ovens,12405
2016,4,South Gippsland,5107
2016,4,Thomson/Macalister,39732
2016,4,Werribee,10492
2016,5,,37000
2016,5,Ballarat,30329
2016,5,Bendigo,51732
2016,5,Broken,8826
2016,5,Campaspe,46380
2016,5,Geelong,30903
2016,5,Glenelg/Wimmera,121704
2016,5,Goulburn,1285327
2016,5,Latrobe,191235
2016,5,Loddon,33814
2016,5,Maribyrnong,3873
2016,5,Melbourne,1064619
2016,5,Murray,1567023
2016,5,Ovens,26694
2016,5,South Gippsland,5134
2016,5,Thomson/Macalister,46741
2016,5,Werribee,10175
2016,6,,40603
2016,6,Ballarat,30823
2016,6,Bendigo,53959
2016,6,Broken,11938
2016,6,Campaspe,45320
2016,6,Geelong,32187
2016,6,Glenelg/Wimmera,129710
2016,6,Goulburn,1454294
2016,6,Latrobe,201018
2016,6,Loddon,35319
2016,6,Maribyrnong,3735
2016,6,Melbourne,1076002
2016,6,Murray,1909860
2016,6,Ovens,28600
2016,6,South Gippsland,6482
2016,6,Thomson/Macalister,81596
2016,6,Werribee,9966
2016,7,,46561
2016,7,Ballarat,36654
2016,7,Bendigo,80153
2016,7,Broken,33591
2016,7,Campaspe,71760
2016,7,Geelong,48143
2016,7,Glenelg/Wimmera,171710
2016,7,Goulburn,2030862
2016,7,Latrobe,219448
2016,7,Loddon,63768
2016,7,Maribyrnong,5160
2016,7,Melbourne,1146805
2016,7,Murray,2557823
2016,7,Ovens,32228
2016,7,South Gippsland,9265
2016,7,Thomson/Macalister,163216
2016,7,Werribee,21982
2016,8,,45647
2016,8,Ballarat,41969
2016,8,Bendigo,96988
2016,8,Broken,41226
2016,8,Campaspe,94699
2016,8,Geelong,56742
2016,8,Glenelg/Wimmera,213220
2016,8,Goulburn,2348480
2016,8,Latrobe,225045
2016,8,Loddon,92885
2016,8,Maribyrnong,5455
2016,8,Melbourne,1199148
2016,8,Murray,2970106
2016,8,Ovens,29279
2016,8,South Gippsland,9358
2016,8,Thomson/Macalister,159401
2016,8,Werribee,26882
2016,9,,49070
2016,9,Ballarat,57577
2016,9,Bendigo,126841
2016,9,Broken,43179
2016,9,Campaspe,236955
2016,9,Geelong,75071
2016,9,Glenelg/Wimmera,305431
2016,9,Goulburn,2668947
2016,9,Latrobe,229366
2016,9,Loddon,234373
2016,9,Maribyrnong,10090
2016,9,Melbourne,1238099
2016,9,Murray,3185226
2016,9,Ovens,31919
2016,9,South Gippsland,9604
2016,9,Thomson/Macalister,176474
2016,9,Werribee,51825
2016,10,,48908
2016,10,Ballarat,58608
2016,10,Bendigo,125742
2016,10,Broken,40550
2016,10,Campaspe,253236
2016,10,Geelong,76997
2016,10,Glenelg/Wimmera,370810
2016,10,Goulburn,3070088
2016,10,Latrobe,232007
2016,10,Loddon,228982
2016,10,Maribyrnong,11926
2016,10,Melbourne,1303724
2016,10,Murray,3819277
2016,10,Ovens,28292
2016,10,South Gippsland,10031
2016,10,Thomson/Macalister,176474
2016,10,Werribee,56484
2016,11,,45104
2016,11,Ballarat,58884
2016,11,Bendigo,125173
2016,11,Broken,40294
2016,11,Campaspe,249593
2016,11,Geelong,80542
2016,11,Glenelg/Wimmera,377550
2016,11,Goulburn,3101202
2016,11,Latrobe,234443
2016,11,Loddon,230091
2016,11,Maribyrnong,11861
2016,11,Melbourne,1315943
2016,11,Murray,4173104
2016,11,Ovens,34313
2016,11,South Gippsland,9687
2016,11,Thomson/Macalister,176633
2016,11,Werribee,54816
2016,12,,47900
2016,12,Ballarat,57071
2016,12,Bendigo,122182
2016,12,Broken,39302
2016,12,Campaspe,243733
2016,12,Geelong,75862
2016,12,Glenelg/Wimmera,354165
2016,12,Goulburn,3023785
2016,12,Latrobe,233468
2016,12,Loddon,223410
2016,12,Maribyrnong,11791
2016,12,Melbourne,1293033
2016,12,Murray,4224796
2016,12,Ovens,37107
2016,12,South Gippsland,8907
2016,12,Thomson/Macalister,155396
2016,12,Werribee,51500
2017,1,,45095
2017,1,Ballarat,55219
2017,1,Bendigo,117252
2017,1,Broken,38488
2017,1,Campaspe,236872
2017,1,Geelong,70647
2017,1,Glenelg/Wimmera,337510
2017,1,Goulburn,2892654
2017,1,Latrobe,228120
2017,1,Loddon,214730
2017,1,Maribyrnong,11293
2017,1,Melbourne,1256216
2017,1,Murray,3974671
2017,1,Ovens,37047
2017,1,South Gippsland,8039
2017,1,Thomson/Macalister,119165
2017,1,Werribee,47773
2017,2,,45591
2017,2,Ballarat,53664
2017,2,Bendigo,113120
2017,2,Broken,36241
2017,2,Campaspe,228647
2017,2,Geelong,66386
2017,2,Glenelg/Wimmera,318470
2017,2,Goulburn,2763261
2017,2,Latrobe,218488
2017,2,Loddon,205378
2017,2,Maribyrnong,10800
2017,2,Melbourne,1219035
2017,2,Murray,3732222
2017,2,Ovens,29780
2017,2,South Gippsland,7493
2017,2,Thomson/Macalister,92462
2017,2,Werribee,45140
2017,3,,45000
2017,3,Ballarat,52150
2017,3,Bendigo,108357
2017,3,Broken,33341
2017,3,Campaspe,219882
2017,3,Geelong,62369
2017,3,Glenelg/Wimmera,302900
2017,3,Goulburn,2530491
2017,3,Latrobe,207593
2017,3,Loddon,189887
2017,3,Maribyrnong,10212
2017,3,Melbourne,1175691
2017,3,Murray,3463640
2017,3,Ovens,24013
2017,3,South Gippsland,6919
2017,3,Thomson/Macalister,69302
2017,3,Werribee,42410
2017,4,,48225
2017,4,Ballarat,51428
2017,4,Bendigo,109547
2017,4,Broken,31893
2017,4,Campaspe,224314
2017,4,Geelong,61439
2017,4,Glenelg/Wimmera,296310
2017,4,Goulburn,2447390
2017,4,Latrobe,200793
2017,4,Loddon,179623
2017,4,Maribyrnong,10139
2017,4,Melbourne,1161769
2017,4,Murray,3398709
2017,4,Ovens,21520
2017,4,South Gippsland,6584
2017,4,Thomson/Macalister,54899
2017,4,Werribee,43511
2017,5,,36359
2017,5,Ballarat,50541
2017,5,Bendigo,108832
2017,5,Broken,31413
2017,5,Campaspe,223032
2017,5,Geelong,59368
2017,5,Glenelg/Wimmera,298160
2017,5,Goulburn,2456583
2017,5,Latrobe,198840
2017,5,Loddon,173907
2017,5,Maribyrnong,9728
2017,5,Melbourne,1144306
2017,5,Murray,3441383
2017,5,Ovens,22490
2017,5,South Gippsland,6466
2017,5,Thomson/Macalister,44658
2017,5,Werribee,42409
2017,6,,35713
2017,6,Ballarat,49589
2017,6,Bendigo,107871
2017,6,Broken,31112
2017,6,Campaspe,219348
2017,6,Geelong,57767
2017,6,Glenelg/Wimmera,296050
2017,6,Goulburn,2378627
2017,6,Latrobe,198627
2017,6,Loddon,170392
2017,6,Maribyrnong,9523
2017,6,Melbourne,1126632
2017,6,Murray,3507243
2017,6,Ovens,25622
2017,6,South Gippsland,6368
2017,6,Thomson/Macalister,46277
2017,6,Werribee,41770
2017,7,,35319
2017,7,Ballarat,49562
2017,7,Bendigo,109097
2017,7,Broken,31496
2017,7,Campaspe,217928
2017,7,Geelong,59196
2017,7,Glenelg/Wimmera,303730
2017,7,Goulburn,2381170
2017,7,Latrobe,204378
2017,7,Loddon,169807
2017,7,Maribyrnong,9408
2017,7,Melbourne,1133578
2017,7,Murray,3633078
2017,7,Ovens,30357
2017,7,South Gippsland,7137
2017,7,Thomson/Macalister,54719
2017,7,Werribee,41462
2017,8,,44788
2017,8,Ballarat,51524
2017,8,Bendigo,122769
2017,8,Broken,36157
2017,8,Campaspe,228162
2017,8,Geelong,65109
2017,8,Glenelg/Wimmera,347090
2017,8,Goulburn,2705286
2017,8,Latrobe,213547
2017,8,Loddon,182282
2017,8,Maribyrnong,9623
2017,8,Melbourne,1185360
2017,8,Murray,3896036
2017,8,Ovens,27980
2017,8,South Gippsland,9367
2017,8,Thomson/Macalister,110242
2017,8,Werribee,44530
2017,9,,44466
2017,9,Ballarat,54433
2017,9,Bendigo,125714
2017,9,Broken,36868
2017,9,Campaspe,228860
2017,9,Geelong,75231
2017,9,Glenelg/Wimmera,368627
2017,9,Goulburn,2803894
2017,9,Latrobe,230447
2017,9,Loddon,184669
2017,9,Maribyrnong,9557
2017,9,Melbourne,1267574
2017,9,Murray,3982676
2017,9,Ovens,29223
2017,9,South Gippsland,10573
2017,9,Thomson/Macalister,169068
2017,9,Werribee,45650
2017,10,,49219
2017,10,Ballarat,54263
2017,10,Bendigo,123925
2017,10,Broken,37024
2017,10,Campaspe,224727
2017,10,Geelong,74094
2017,10,Glenelg/Wimmera,364030
2017,10,Goulburn,2783161
2017,10,Latrobe,234182
2017,10,Loddon,178603
2017,10,Maribyrnong,9317
2017,10,Melbourne,1262909
2017,10,Murray,3933428
2017,10,Ovens,33293
2017,10,South Gippsland,10474
2017,10,Thomson/Macalister,170263
2017,10,Werribee,46127
2017,11,,47611
2017,11,Ballarat,52941
2017,11,Bendigo,122419
2017,11,Broken,36032
2017,11,Campaspe,207938
2017,11,Geelong,69842
2017,11,Glenelg/Wimmera,351050
2017,11,Goulburn,2703643
2017,11,Latrobe,230663
2017,11,Loddon,175367
2017,11,Maribyrnong,9013
2017,11,Melbourne,1241452
2017,11,Murray,3805067
2017,11,Ovens,36827
2017,11,South Gippsland,9790
2017,11,Thomson/Macalister,151481
2017,11,Werribee,43696
2017,12,,47368
2017,12,Ballarat,52677
2017,12,Bendigo,118982
2017,12,Broken,39784
2017,12,Campaspe,201477
2017,12,Geelong,65971
2017,12,Glenelg/Wimmera,331188
2017,12,Goulburn,2864215
2017,12,Latrobe,234437
2017,12,Loddon,168976
2017,12,Maribyrnong,8627
2017,12,Melbourne,1256408
2017,12,Murray,3803171
2017,12,Ovens,36989
2017,12,South Gippsland,9353
2017,12,Thomson/Macalister,164615
2017,12,Werribee,41862
2018,1,,47515
2018,1,Ballarat,49477
2018,1,Bendigo,113780
2018,1,Broken,36063
2018,1,Campaspe,188773
2018,1,Geelong,60723
2018,1,Glenelg/Wimmera,308760
2018,1,Goulburn,2707034
2018,1,Latrobe,228483
2018,1,Loddon,161062
2018,1,Maribyrnong,8113
2018,1,Melbourne,1223423
2018,1,Murray,3468508
2018,1,Ovens,35019
2018,1,South Gippsland,8472
2018,1,Thomson/Macalister,137314
2018,1,Werribee,39117
2018,2,,46273
2018,2,Ballarat,47472
2018,2,Bendigo,108910
2018,2,Broken,31992
2018,2,Campaspe,170383
2018,2,Geelong,55345
2018,2,Glenelg/Wimmera,286350
2018,2,Goulburn,2513286
2018,2,Latrobe,218180
2018,2,Loddon,152218
2018,2,Maribyrnong,7612
2018,2,Melbourne,1177330
2018,2,Murray,3235013
2018,2,Ovens,27732
2018,2,South Gippsland,7771
2018,2,Thomson/Macalister,108634
2018,2,Werribee,36590
2018,3,,47092
2018,3,Ballarat,45325
2018,3,Bendigo,103489
2018,3,Broken,28128
2018,3,Campaspe,152913
2018,3,Geelong,50470
2018,3,Glenelg/Wimmera,268070
2018,3,Goulburn,2248485
2018,3,Latrobe,204420
2018,3,Loddon,139238
2018,3,Maribyrnong,7006
2018,3,Melbourne,1124813
2018,3,Murray,2956364
2018,3,Ovens,21667
2018,3,South Gippsland,7096
2018,3,Thomson/Macalister,75005
2018,3,Werribee,33775
2018,4,,44512
2018,4,Ballarat,44178
2018,4,Bendigo,99112
2018,4,Broken,24113
2018,4,Campaspe,142925
2018,4,Geelong,47375
2018,4,Glenelg/Wimmera,259220
2018,4,Goulburn,2052901
2018,4,Latrobe,190854
2018,4,Loddon,130207
2018,4,Maribyrnong,6504
2018,4,Melbourne,1081017
2018,4,Murray,2783648
2018,4,Ovens,19833
2018,4,South Gippsland,6660
2018,4,Thomson/Macalister,44865
2018,4,Werribee,32367
2018,5,,36311
2018,5,Ballarat,43532
2018,5,Bendigo,97977
2018,5,Broken,22371
2018,5,Campaspe,138604
2018,5,Geelong,46458
2018,5,Glenelg/Wimmera,256100
2018,5,Goulburn,2042270
2018,5,Latrobe,192958
2018,5,Loddon,127386
2018,5,Maribyrnong,6187
2018,5,Melbourne,1060139
2018,5,Murray,2868323
2018,5,Ovens,20271
2018,5,South Gippsland,6495
2018,5,Thomson/Macalister,31242
2018,5,Werribee,32169
2018,6,,36818
2018,6,Ballarat,42993
2018,6,Bendigo,97891
2018,6,Broken,22279
2018,6,Campaspe,136914
2018,6,Geelong,48808
2018,6,Glenelg/Wimmera,257750
2018,6,Goulburn,2081559
2018,6,Latrobe,198191
2018,6,Loddon,126462
2018,6,Maribyrnong,6104
2018,6,Melbourne,1056918
2018,6,Murray,3014946
2018,6,Ovens,27079
2018,6,South Gippsland,6672
2018,6,Thomson/Macalister,43115
2018,6,Werribee,31965
2018,7,,41235
2018,7,Ballarat,42698
2018,7,Bendigo,99624
2018,7,Broken,22422
2018,7,Campaspe,134769
2018,7,Geelong,52389
2018,7,Glenelg/Wimmera,265020
2018,7,Goulburn,2100946
2018,7,Latrobe,204951
2018,7,Loddon,126651
2018,7,Maribyrnong,6218
2018,7,Melbourne,1076362
2018,7,Murray,3037872
2018,7,Ovens,28030
2018,7,South Gippsland,7262
2018,7,Thomson/Macalister,65472
2018,7,Werribee,32050
2018,8,,41612
2018,8,Ballarat,45214
2018,8,Bendigo,110214
2018,8,Broken,24547
2018,8,Campaspe,139569
2018,8,Geelong,62795
2018,8,Glenelg/Wimmera,293210
2018,8,Goulburn,2433598
2018,8,Latrobe,212283
2018,8,Loddon,128517
2018,8,Maribyrnong,6651
2018,8,Melbourne,1132007
2018,8,Murray,3220562
2018,8,Ovens,28193
2018,8,South Gippsland,9317
2018,8,Thomson/Macalister,129371
2018,8,Werribee,34300
2018,9,,44617
2018,9,Ballarat,45353
2018,9,Bendigo,111183
2018,9,Broken,24816
2018,9,Campaspe,119813
2018,9,Geelong,62690
2018,9,Glenelg/Wimmera,290070
2018,9,Goulburn,2426930
2018,9,Latrobe,219745
2018,9,Loddon,125704
2018,9,Maribyrnong,6847
2018,9,Melbourne,1171760
2018,9,Murray,3237126
2018,9,Ovens,36597
2018,9,South Gippsland,9430
2018,9,Thomson/Macalister,157147
2018,9,Werribee,34121
2018,10,,42166
2018,10,Ballarat,44347
2018,10,Bendigo,109334
2018,10,Broken,23983
2018,10,Campaspe,113682
2018,10,Geelong,59081
2018,10,Glenelg/Wimmera,280940
2018,10,Goulburn,2274768
2018,10,Latrobe,221341
2018,10,Loddon,114476
2018,10,Maribyrnong,6938
2018,10,Melbourne,1153635
2018,10,Murray,3099877
2018,10,Ovens,37114
2018,10,South Gippsland,9021
2018,10,Thomson/Macalister,155971
2018,10,Werribee,33021
2018,11,,46907
2018,11,Ballarat,43304
2018,11,Bendigo,105736
2018,11,Broken,21943
2018,11,Campaspe,106808
2018,11,Geelong,55617
2018,11,Glenelg/Wimmera,270120
2018,11,Goulburn,2217738
2018,11,Latrobe,221415
2018,11,Loddon,110479
2018,11,Maribyrnong,6713
2018,11,Melbourne,1141975
2018,11,Murray,3099554
2018,11,Ovens,37125
2018,11,South Gippsland,9164
2018,11,Thomson/Macalister,136408
2018,11,Werribee,32487
2018,12,,42717
2018,12,Ballarat,41564
2018,12,Bendigo,102218
2018,12,Broken,21419
2018,12,Campaspe,103738
2018,12,Geelong,51431
2018,12,Glenelg/Wimmera,256940
2018,12,Goulburn,2111986
2018,12,Latrobe,219919
2018,12,Loddon,105663
2018,12,Maribyrnong,6394
2018,12,Melbourne,1121818
2018,12,Murray,2672797
2018,12,Ovens,37088
2018,12,South Gippsland,8523
2018,12,Thomson/Macalister,117145
2018,12,Werribee,32038
2019,1,,42351
2019,1,Ballarat,40063
2019,1,Bendigo,95659
2019,1,Broken,17900
2019,1,Campaspe,94807
2019,1,Geelong,45933
2019,1,Glenelg/Wimmera,236380
2019,1,Goulburn,1858131
2019,1,Latrobe,208076
2019,1,Loddon,97171
2019,1,Maribyrnong,5743
2019,1,Melbourne,1069899
2019,1,Murray,2352411
2019,1,Ovens,30847
2019,1,South Gippsland,7696
2019,1,Thomson/Macalister,76189
2019,1,Werribee,28744
2019,2,,46578
2019,2,Ballarat,37683
2019,2,Bendigo,91057
2019,2,Broken,15439
2019,2,Campaspe,87478
2019,2,Geelong,40756
2019,2,Glenelg/Wimmera,222290
2019,2,Goulburn,1712712
2019,2,Latrobe,198116
2019,2,Loddon,91231
2019,2,Maribyrnong,5154
2019,2,Melbourne,1023744
2019,2,Murray,2129414
2019,2,Ovens,25545
2019,2,South Gippsland,6823
2019,2,Thomson/Macalister,52843
2019,2,Werribee,26314
2019,3,,46952
2019,3,Ballarat,35702
2019,3,Bendigo,84705
2019,3,Broken,12614
2019,3,Campaspe,82502
2019,3,Geelong,35868
2019,3,Glenelg/Wimmera,202343
2019,3,Goulburn,1519556
2019,3,Latrobe,185944
2019,3,Loddon,84297
2019,3,Maribyrnong,4454
2019,3,Melbourne,971768
2019,3,Murray,1863590
2019,3,Ovens,19585
2019,3,South Gippsland,6333
2019,3,Thomson/Macalister,34013
2019,3,Werribee,23778
2019,4,,45081
2019,4,Ballarat,34699
2019,4,Bendigo,79876
2019,4,Broken,10501
2019,4,Campaspe,77571
2019,4,Geelong,32330
2019,4,Glenelg/Wimmera,191810
2019,4,Goulburn,1389400
2019,4,Latrobe,174402
2019,4,Loddon,80159
2019,4,Maribyrnong,4162
2019,4,Melbourne,930410
2019,4,Murray,1702437
2019,4,Ovens,16311
2019,4,South Gippsland,5928
2019,4,Thomson/Macalister,17344
2019,4,Werribee,22339
2019,5,,40899
2019,5,Ballarat,34634
2019,5,Bendigo,78544
2019,5,Broken,10342
2019,5,Campaspe,76098
2019,5,Geelong,31744
2019,5,Glenelg/Wimmera,191330
2019,5,Goulburn,1402087
2019,5,Latrobe,174010
2019,5,Loddon,80826
2019,5,Maribyrnong,4245
2019,5,Melbourne,899799
2019,5,Murray,1820931
2019,5,Ovens,20431
2019,5,South Gippsland,6018
2019,5,Thomson/Macalister,12964
2019,5,Werribee,22577
2019,6,,40434
2019,6,Ballarat,38349
2019,6,Bendigo,80227
2019,6,Broken,10787
2019,6,Campaspe,74660
2019,6,Geelong,38420
2019,6,Glenelg/Wimmera,201350
2019,6,Goulburn,1475094
2019,6,Latrobe,183545
2019,6,Loddon,84189
2019,6,Maribyrnong,4826
2019,6,Melbourne,908206
2019,6,Murray,1922919
2019,6,Ovens,27276
2019,6,South Gippsland,6962
2019,6,Thomson/Macalister,41445
2019,6,Werribee,35754
2019,7,,40744
2019,7,Ballarat,44519
2019,7,Bendigo,91667
2019,7,Broken,12160
2019,7,Campaspe,78684
2019,7,Geelong,49421
2019,7,Glenelg/Wimmera,221740
2019,7,Goulburn,1574043
2019,7,Latrobe,190898
2019,7,Loddon,119499
2019,7,Maribyrnong,5465
2019,7,Melbourne,965105
2019,7,Murray,2165802
2019,7,Ovens,28067
2019,7,South Gippsland,8608
2019,7,Thomson/Macalister,84978
2019,7,Werribee,42707
2019,8,,45805
2019,8,Ballarat,53606
2019,8,Bendigo,102245
2019,8,Broken,14746
2019,8,Campaspe,84937
2019,8,Geelong,65658
2019,8,Glenelg/Wimmera,242380
2019,8,Goulburn,1813404
2019,8,Latrobe,205299
2019,8,Loddon,147057
2019,8,Maribyrnong,6536
2019,8,Melbourne,1054574
2019,8,Murray,2355014
2019,8,Ovens,29318
2019,8,South Gippsland,10573
2019,8,Thomson/Macalister,125289
2019,8,Werribee,50624
2019,9,,47457
2019,9,Ballarat,55430
2019,9,Bendigo,102229
2019,9,Broken,16524
2019,9,Campaspe,77147
2019,9,Geelong,67836
2019,9,Glenelg/Wimmera,248540
2019,9,Goulburn,1905316
2019,9,Latrobe,220696
2019,9,Loddon,149117
2019,9,Maribyrnong,6745
2019,9,Melbourne,1136084
2019,9,Murray,2247402
2019,9,Ovens,34712
2019,9,South Gippsland,10568
2019,9,Thomson/Macalister,164383
2019,9,Werribee,50222
2019,10,,43584
2019,10,Ballarat,55318
2019,10,Bendigo,102173
2019,10,Broken,16288
2019,10,Campaspe,69220
2019,10,Geelong,66830
2019,10,Glenelg/Wimmera,243650
2019,10,Goulburn,1858807
2019,10,Latrobe,226401
2019,10,Loddon,146991
2019,10,Maribyrnong,6766
2019,10,Melbourne,1145759
2019,10,Murray,2083743
2019,10,Ovens,37116
2019,10,South Gippsland,10262
2019,10,Thomson/Macalister,150572
2019,10,Werribee,48997
2019,11,,44978
2019,11,Ballarat,54372
2019,11,Bendigo,99079
2019,11,Broken,15756
2019,11,Campaspe,62493
2019,11,Geelong,66775
2019,11,Glenelg/Wimmera,234580
2019,11,Goulburn,1841978
2019,11,Latrobe,232585
2019,11,Loddon,136199
2019,11,Maribyrnong,6670
2019,11,Melbourne,1156775
2019,11,Murray,1933116
2019,11,Ovens,37194
2019,11,South Gippsland,10000
2019,11,Thomson/Macalister,135594
2019,11,Werribee,47606
2019,12,,44978
2019,12,Ballarat,52377
2019,12,Bendigo,95695
2019,12,Broken,13574
2019,12,Campaspe,56106
2019,12,Geelong,62720
2019,12,Glenelg/Wimmera,212170
2019,12,Goulburn,1724686
2019,12,Latrobe,231806
2019,12,Loddon,128774
2019,12,Maribyrnong,6149
2019,12,Melbourne,1141343
2019,12,Murray,1623451
2019,12,Ovens,34356
2019,12,South Gippsland,9425
2019,12,Thomson/Macalister,104884
2019,12,Werribee,43559
2020,1,,46476
2020,1,Ballarat,50838
2020,1,Bendigo,91802
2020,1,Broken,11474
2020,1,Campaspe,55590
2020,1,Geelong,59086
2020,1,Glenelg/Wimmera,197210
2020,1,Goulburn,1622148
2020,1,Latrobe,231209
2020,1,Loddon,121267
2020,1,Maribyrnong,5591
2020,1,Melbourne,1132047
2020,1,Murray,2347536
2020,1,Ovens,28904
2020,1,South Gippsland,8953
2020,1,Thomson/Macalister,95618
2020,1,Werribee,41504
2020,2,,44514
2020,2,Ballarat,49373
2020,2,Bendigo,84681
2020,2,Broken,9534
2020,2,Campaspe,50901
2020,2,Geelong,56682
2020,2,Glenelg/Wimmera,184260
2020,2,Goulburn,1530382
2020,2,Latrobe,233164
2020,2,Loddon,116757
2020,2,Maribyrnong,5138
2020,2,Melbourne,1117650
2020,2,Murray,1254775
2020,2,Ovens,24531
2020,2,South Gippsland,8602
2020,2,Thomson/Macalister,97989
2020,2,Werribee,40668
2020,3,,37904
2020,3,Ballarat,48002
2020,3,Bendigo,82652
2020,3,Broken,8565
2020,3,Campaspe,48512
2020,3,Geelong,54060
2020,3,Glenelg/Wimmera,172830
2020,3,Goulburn,1465166
2020,3,Latrobe,231346
2020,3,Loddon,110549
2020,3,Maribyrnong,4927
2020,3,Melbourne,1106860
2020,3,Murray,1185970
2020,3,Ovens,27682
2020,3,South Gippsland,8299
2020,3,Thomson/Macalister,80826
2020,3,Werribee,38974
2020,4,,45392
2020,4,Ballarat,47404
2020,4,Bendigo,84105
2020,4,Broken,11150
2020,4,Campaspe,59464
2020,4,Geelong,52457
2020,4,Glenelg/Wimmera,166200
2020,4,Goulburn,1511777
2020,4,Latrobe,233400
2020,4,Loddon,109677
2020,4,Maribyrnong,5095
2020,4,Melbourne,1103460
2020,4,Murray,1232412
2020,4,Ovens,24596
2020,4,South Gippsland,8704
2020,4,Thomson/Macalister,76563
2020,4,Werribee,39219
2020,5,,45082
2020,5,Ballarat,46855
2020,5,Bendigo,86875
2020,5,Broken,21412
2020,5,Campaspe,68980
2020,5,Geelong,52087
2020,5,Glenelg/Wimmera,165570
2020,5,Goulburn,1860652
2020,5,Latrobe,232605
2020,5,Loddon,108591
2020,5,Maribyrnong,5332
2020,5,Melbourne,1146537
2020,5,Murray,1580428
2020,5,Ovens,27150
2020,5,South Gippsland,10506
2020,5,Thomson/Macalister,134616
2020,5,Werribee,39053
2020,6,,41673
2020,6,Ballarat,47043
2020,6,Bendigo,91598
2020,6,Broken,26866
2020,6,Campaspe,75772
2020,6,Geelong,52787
2020,6,Glenelg/Wimmera,172380
2020,6,Goulburn,2021940
2020,6,Latrobe,232962
2020,6,Loddon,108062
2020,6,Maribyrnong,5642
2020,6,Melbourne,1155812
2020,6,Murray,1873768
2020,6,Ovens,29423
2020,6,South Gippsland,10574
2020,6,Thomson/Macalister,140336
2020,6,Werribee,38872
2020,7,,41777
2020,7,Ballarat,48033
2020,7,Bendigo,95245
2020,7,Broken,30623
2020,7,Campaspe,79944
2020,7,Geelong,53936
2020,7,Glenelg/Wimmera,178307
2020,7,Goulburn,2140664
2020,7,Latrobe,234523
2020,7,Loddon,108378
2020,7,Maribyrnong,6044
2020,7,Melbourne,1215286
2020,7,Murray,2079087
2020,7,Ovens,27268
2020,7,South Gippsland,10559
2020,7,Thomson/Macalister,150461
2020,7,Werribee,39292
2020,8,,47922
2020,8,Ballarat,52628
2020,8,Bendigo,103977
2020,8,Broken,37370
2020,8,Campaspe,91252
2020,8,Geelong,69695
2020,8,Glenelg/Wimmera,186980
2020,8,Goulburn,2332941
2020,8,Latrobe,235659
2020,8,Loddon,120933
2020,8,Maribyrnong,6733
2020,8,Melbourne,1294527
2020,8,Murray,2301953
2020,8,Ovens,28111
2020,8,South Gippsland,10598
2020,8,Thomson/Macalister,152186
2020,8,Werribee,44056
2020,9,,45340
2020,9,Ballarat,53442
2020,9,Bendigo,107283
2020,9,Broken,39350
2020,9,Campaspe,83797
2020,9,Geelong,73765
2020,9,Glenelg/Wimmera,199440
2020,9,Goulburn,2423161
2020,9,Latrobe,234238
2020,9,Loddon,122439
2020,9,Maribyrnong,7105
2020,9,Melbourne,1314026
2020,9,Murray,2415669
2020,9,Ovens,32661
2020,9,South Gippsland,10604
2020,9,Thomson/Macalister,168460
2020,9,Werribee,44305
2020,10,,43791
2020,10,Ballarat,54974
2020,10,Bendigo,116724
2020,10,Broken,40562
2020,10,Campaspe,96815
2020,10,Geelong,79076
2020,10,Glenelg/Wimmera,226430
2020,10,Goulburn,2736220
2020,10,Latrobe,234682
2020,10,Loddon,127517
2020,10,Maribyrnong,7478
2020,10,Melbourne,1360825
2020,10,Murray,2662822
2020,10,Ovens,32583
2020,10,South Gippsland,10152
2020,10,Thomson/Macalister,167470
2020,10,Werribee,47199
2020,11,,48283
2020,11,Ballarat,54640
2020,11,Bendigo,115638
2020,11,Broken,39915
2020,11,Campaspe,92814
2020,11,Geelong,76543
2020,11,Glenelg/Wimmera,218880
2020,11,Goulburn,2692148
2020,11,Latrobe,234433
2020,11,Loddon,124514
2020,11,Maribyrnong,7255
2020,11,Melbourne,1367128
2020,11,Murray,2691052
2020,11,Ovens,37016
2020,11,South Gippsland,10133
2020,11,Thomson/Macalister,164845
2020,11,Werribee,46345
2020,12,,43687
2020,12,Ballarat,53493
2020,12,Bendigo,112233
2020,12,Broken,37289
2020,12,Campaspe,86692
2020,12,Geelong,73080
2020,12,Glenelg/Wimmera,209010
2020,12,Goulburn,2591163
2020,12,Latrobe,233950
2020,12,Loddon,117038
2020,12,Maribyrnong,6770
2020,12,Melbourne,1361592
2020,12,Murray,2423565
2020,12,Ovens,36934
2020,12,South Gippsland,9623
2020,12,Thomson/Macalister,141984
2020,12,Werribee,43831
2021,1,,41622
2021,1,Ballarat,51777
2021,1,Bendigo,106201
2021,1,Broken,33370
2021,1,Campaspe,80307
2021,1,Geelong,72550
2021,1,Glenelg/Wimmera,193240
2021,1,Goulburn,2481080
2021,1,Latrobe,233548
2021,1,Loddon,111865
2021,1,Maribyrnong,6500
2021,1,Melbourne,1356751
2021,1,Murray,2176602
2021,1,Ovens,34953
2021,1,South Gippsland,8833
2021,1,Thomson/Macalister,118193
2021,1,Werribee,46494
2021,2,,41673
2021,2,Ballarat,50075
2021,2,Bendigo,102272
2021,2,Broken,33815
2021,2,Campaspe,74918
2021,2,Geelong,68609
2021,2,Glenelg/Wimmera,180160
2021,2,Goulburn,2386673
2021,2,Latrobe,230422
2021,2,Loddon,107884
2021,2,Maribyrnong,6116
2021,2,Melbourne,1325463
2021,2,Murray,2147994
2021,2,Ovens,32229
2021,2,South Gippsland,8296
2021,2,Thomson/Macalister,95048
2021,2,Werribee,44322
2021,3,,45805
2021,3,Ballarat,49090
2021,3,Bendigo,99299
2021,3,Broken,31431
2021,3,Campaspe,69794
2021,3,Geelong,64874
2021,3,Glenelg/Wimmera,166825
2021,3,Goulburn,2260099
2021,3,Latrobe,231768
2021,3,Loddon,99096
2021,3,Maribyrnong,5883
2021,3,Melbourne,1310978
2021,3,Murray,2038307
2021,3,Ovens,26742
2021,3,South Gippsland,7860
2021,3,Thomson/Macalister,78663
2021,3,Werribee,42314
2021,4,,39763
2021,4,Ballarat,47922
2021,4,Bendigo,96230
2021,4,Broken,29250
2021,4,Campaspe,66217
2021,4,Geelong,61766
2021,4,Glenelg/Wimmera,162710
2021,4,Goulburn,2063779
2021,4,Latrobe,233195
2021,4,Loddon,93755
2021,4,Maribyrnong,5910
2021,4,Melbourne,1303665
2021,4,Murray,1937618
2021,4,Ovens,23309
2021,4,South Gippsland,7348
2021,4,Thomson/Macalister,62135
2021,4,Werribee,40685
2021,5,,37800
2021,5,Ballarat,47056
2021,5,Bendigo,94179
2021,5,Broken,28563
2021,5,Campaspe,63134
2021,5,Geelong,64750
2021,5,Glenelg/Wimmera,159830
2021,5,Goulburn,2035841
2021,5,Latrobe,233361
2021,5,Loddon,91173
2021,5,Maribyrnong,6092
2021,5,Melbourne,1287469
2021,5,Murray,2571615
2021,5,Ovens,24260
2021,5,South Gippsland,7397
2021,5,Thomson/Macalister,67121
2021,5,Werribee,42605
2021,6,,37800
2021,6,Ballarat,48851
2021,6,Bendigo,102459
2021,6,Broken,30421
2021,6,Campaspe,65842
2021,6,Geelong,72435
2021,6,Glenelg/Wimmera,171410
2021,6,Goulburn,2220703
2021,6,Latrobe,234350
2021,6,Loddon,94383
2021,6,Maribyrnong,10188
2021,6,Melbourne,1356638
2021,6,Murray,2888494
2021,6,Ovens,28544
2021,6,South Gippsland,9598
2021,6,Thomson/Macalister,141528
2021,6,Werribee,51916
2021,7,,45185
2021,7,Ballarat,52982
2021,7,Bendigo,118138
2021,7,Broken,40723
2021,7,Campaspe,86331
2021,7,Geelong,81222
2021,7,Glenelg/Wimmera,195780
2021,7,Goulburn,2622224
2021,7,Latrobe,233038
2021,7,Loddon,123759
2021,7,Maribyrnong,11613
2021,7,Melbourne,1407912
2021,7,Murray,3471797
2021,7,Ovens,30657
2021,7,South Gippsland,10308
2021,7,Thomson/Macalister,149092
2021,7,Werribee,54641
2021,8,,46734
2021,8,Ballarat,55939
2021,8,Bendigo,123816
2021,8,Broken,40602
2021,8,Campaspe,104590
2021,8,Geelong,87354
2021,8,Glenelg/Wimmera,235269
2021,8,Goulburn,2870428
2021,8,Latrobe,233506
2021,8,Loddon,148199
2021,8,Maribyrnong,12356
2021,8,Melbourne,1489619
2021,8,Murray,3954257
2021,8,Ovens,28194
2021,8,South Gippsland,10526
2021,8,Thomson/Macalister,163034
2021,8,Werribee,56077
2021,9,,48335
2021,9,Ballarat,56689
2021,9,Bendigo,126197
2021,9,Broken,40723
2021,9,Campaspe,109370
2021,9,Geelong,88683
2021,9,Glenelg/Wimmera,238170
2021,9,Goulburn,3116492
2021,9,Latrobe,235244
2021,9,Loddon,155505
2021,9,Maribyrnong,13341
2021,9,Melbourne,1523566
2021,9,Murray,4402837
2021,9,Ovens,28292
2021,9,South Gippsland,10646
2021,9,Thomson/Macalister,162646
2021,9,Werribee,57987
2021,10,,48387
2021,10,Ballarat,57072
2021,10,Bendigo,125929
2021,10,Broken,40481
2021,10,Campaspe,118142
2021,10,Geelong,92835
2021,10,Glenelg/Wimmera,242613
2021,10,Goulburn,3259634
2021,10,Latrobe,234336
2021,10,Loddon,160673
2021,10,Maribyrnong,14456
2021,10,Melbourne,1584185
2021,10,Murray,4479455
2021,10,Ovens,30439
2021,10,South Gippsland,10527
2021,10,Thomson/Macalister,172779
2021,10,Werribee,59395
2021,11,,47251
2021,11,Ballarat,57258
2021,11,Bendigo,125635
2021,11,Broken,40642
2021,11,Campaspe,121188
2021,11,Geelong,92400
2021,11,Glenelg/Wimmera,239410
2021,11,Goulburn,3349269
2021,11,Latrobe,234508
2021,11,Loddon,162457
2021,11,Maribyrnong,16453
2021,11,Melbourne,1630156
2021,11,Murray,4575359
2021,11,Ovens,37066
2021,11,South Gippsland,10167
2021,11,Thomson/Macalister,167112
2021,11,Werribee,63164
2021,12,,45495
2021,12,Ballarat,55582
2021,12,Bendigo,121395
2021,12,Broken,39673
2021,12,Campaspe,115584
2021,12,Geelong,87599
2021,12,Glenelg/Wimmera,218373
2021,12,Goulburn,3275626
2021,12,Latrobe,233587
2021,12,Loddon,156026
2021,12,Maribyrnong,16384
2021,12,Melbourne,1629428
2021,12,Murray,4443809
2021,12,Ovens,37304
2021,12,South Gippsland,9256
2021,12,Thomson/Macalister,168594
2021,12,Werribee,61517
2022,1,,49265
2022,1,Ballarat,55329
2022,1,Bendigo,117402
2022,1,Broken,39713
2022,1,Campaspe,110284
2022,1,Geelong,85822
2022,1,Glenelg/Wimmera,204140
2022,1,Goulburn,3193604
2022,1,Latrobe,232298
2022,1,Loddon,158303
2022,1,Maribyrnong,16784
2022,1,Melbourne,1600079
2022,1,Murray,4529208
2022,1,Ovens,35407
2022,1,South Gippsland,8457
2022,1,Thomson/Macalister,156991
2022,1,Werribee,60737
2022,2,,45185
2022,2,Ballarat,53038
2022,2,Bendigo,112347
2022,2,Broken,37653
2022,2,Campaspe,104680
2022,2,Geelong,81229
2022,2,Glenelg/Wimmera,188720
2022,2,Goulburn,3061061
2022,2,Latrobe,226543
2022,2,Loddon,148846
2022,2,Maribyrnong,16387
2022,2,Melbourne,1565146
2022,2,Murray,4691358
2022,2,Ovens,30306
2022,2,South Gippsland,7585
2022,2,Thomson/Macalister,144659
2022,2,Werribee,57218
2022,3,,42448
2022,3,Ballarat,74261
2022,3,Bendigo,109240
2022,3,Broken,36360
2022,3,Campaspe,99745
2022,3,Geelong,78960
2022,3,Glenelg/Wimmera,177940
2022,3,Goulburn,2858638
2022,3,Latrobe,224815
2022,3,Loddon,139703
2022,3,Maribyrnong,16218
2022,3,Melbourne,1552998
2022,3,Murray,4616823
2022,3,Ovens,26321
2022,3,South Gippsland,6922
2022,3,Thomson/Macalister,148252
2022,3,Werribee,55447
2022,4,,47560
2022,4,Ballarat,50558
2022,4,Bendigo,106724
2022,4,Broken,35471
2022,4,Campaspe,96699
2022,4,Geelong,76038
2022,4,Glenelg/Wimmera,169120
2022,4,Goulburn,2797636
2022,4,Latrobe,229536
2022,4,Loddon,132426
2022,4,Maribyrnong,16112
2022,4,Melbourne,1524906
2022,4,Murray,4660942
2022,4,Ovens,25292
2022,4,South Gippsland,6429
2022,4,Thomson/Macalister,117360
2022,4,Werribee,54445
2022,5,,38575
2022,5,Ballarat,49520
2022,5,Bendigo,105589
2022,5,Broken,35794
2022,5,Campaspe,96854
2022,5,Geelong,73802
2022,5,Glenelg/Wimmera,164780
2022,5,Goulburn,2809539
2022,5,Latrobe,229749
2022,5,Loddon,131327
2022,5,Maribyrnong,15954
2022,5,Melbourne,1512974
2022,5,Murray,4556627
2022,5,Ovens,23380
2022,5,South Gippsland,6224
2022,5,Thomson/Macalister,109897
2022,5,Werribee,53768
2022,6,,30932
2022,6,Ballarat,49972
2022,6,Bendigo,110015
2022,6,Broken,40642
2022,6,Campaspe,98797
2022,6,Geelong,95435
2022,6,Glenelg/Wimmera,170070
2022,6,Goulburn,3080457
2022,6,Latrobe,234335
2022,6,Loddon,132166
2022,6,Maribyrnong,16161
2022,6,Melbourne,1573249
2022,6,Murray,4569534
2022,6,Ovens,28129
2022,6,South Gippsland,8593
2022,6,Thomson/Macalister,125739
2022,6,Werribee,55427
2022,7,,33876
2022,7,Ballarat,50668
2022,7,Bendigo,112881
2022,7,Broken,40683
2022,7,Campaspe,98729
2022,7,Geelong,83620
2022,7,Glenelg/Wimmera,173600
2022,7,Goulburn,3144602
2022,7,Latrobe,234797
2022,7,Loddon,135768
2022,7,Maribyrnong,16417
2022,7,Melbourne,1594754
2022,7,Murray,4592199
2022,7,Ovens,27549
2022,7,South Gippsland,10138
2022,7,Thomson/Macalister,143157
2022,7,Werribee,56168
2022,8,,47044
2022,8,Ballarat,56280
2022,8,Bendigo,127814
2022,8,Broken,41127
2022,8,Campaspe,127344
2022,8,Geelong,92402
2022,8,Glenelg/Wimmera,208130
2022,8,Goulburn,3593477
2022,8,Latrobe,234797
2022,8,Loddon,189787
2022,8,Maribyrnong,17906
2022,8,Melbourne,1675405
2022,8,Murray,4620326
2022,8,Ovens,29273
2022,8,South Gippsland,10668
2022,8,Thomson/Macalister,158126
2022,8,Werribee,64214
2022,9,,43997
2022,9,Ballarat,56714
2022,9,Bendigo,127531
2022,9,Broken,41208
2022,9,Campaspe,245244
2022,9,Geelong,94327
2022,9,Glenelg/Wimmera,265400
2022,9,Goulburn,3740064
2022,9,Latrobe,234417
2022,9,Loddon,231441
2022,9,Maribyrnong,21642
2022,9,Melbourne,1720584
2022,9,Murray,4654939
2022,9,Ovens,29316
2022,9,South Gippsland,10668
2022,9,Thomson/Macalister,167047
2022,9,Werribee,68373
2022,10,,54635
2022,10,Ballarat,56937
2022,10,Bendigo,119142
2022,10,Broken,40521
2022,10,Campaspe,271444
2022,10,Geelong,94889
2022,10,Glenelg/Wimmera,370580
2022,10,Goulburn,3787210
2022,10,Latrobe,235803
2022,10,Loddon,233787
2022,10,Maribyrnong,25428
2022,10,Melbourne,1774276
2022,10,Murray,4676048
2022,10,Ovens,31225
2022,10,South Gippsland,10591
2022,10,Thomson/Macalister,168527
2022,10,Werribee,67658
2022,11,,44359
2022,11,Ballarat,56762
2022,11,Bendigo,127088
2022,11,Broken,40723
2022,11,Campaspe,258402
2022,11,Geelong,94158
2022,11,Glenelg/Wimmera,442700
2022,11,Goulburn,3738575
2022,11,Latrobe,234679
2022,11,Loddon,232561
2022,11,Maribyrnong,25438
2022,11,Melbourne,1774668
2022,11,Murray,4654925
2022,11,Ovens,29144
2022,11,South Gippsland,10054
2022,11,Thomson/Macalister,160340
2022,11,Werribee,67840
2022,12,,40176
2022,12,Ballarat,56688
2022,12,Bendigo,125101
2022,12,Broken,40279
2022,12,Campaspe,249751
2022,12,Geelong,90677
2022,12,Glenelg/Wimmera,435630
2022,12,Goulburn,3778508
2022,12,Latrobe,234933
2022,12,Loddon,231510
2022,12,Maribyrnong,25311
2022,12,Melbourne,1757853
2022,12,Murray,4798837
2022,12,Ovens,32337
2022,12,South Gippsland,9898
2022,12,Thomson/Macalister,162968
2022,12,Werribee,66897
2023,1,,43429
2023,1,Ballarat,54248
2023,1,Bendigo,120923
2023,1,Broken,38784
2023,1,Campaspe,242379
2023,1,Geelong,85751
2023,1,Glenelg/Wimmera,401480
2023,1,Goulburn,3713546
2023,1,Latrobe,233272
2023,1,Loddon,225993
2023,1,Maribyrnong,25018
2023,1,Melbourne,1723428
2023,1,Murray,4758784
2023,1,Ovens,36732
2023,1,South Gippsland,8941
2023,1,Thomson/Macalister,138697
2023,1,Werribee,64145
2023,2,,41828
2023,2,Ballarat,52799
2023,2,Bendigo,117375
2023,2,Broken,36562
2023,2,Campaspe,232935
2023,2,Geelong,81169
2023,2,Glenelg/Wimmera,379290
2023,2,Goulburn,3654847
2023,2,Latrobe,227151
2023,2,Loddon,216326
2023,2,Maribyrnong,24668
2023,2,Melbourne,1685217
2023,2,Murray,4592585
2023,2,Ovens,34101
2023,2,South Gippsland,8198
2023,2,Thomson/Macalister,108808
2023,2,Werribee,60954
2023,3,,42087
2023,3,Ballarat,51150
2023,3,Bendigo,112089
2023,3,Broken,32966
2023,3,Campaspe,227819
2023,3,Geelong,76770
2023,3,Glenelg/Wimmera,364440
2023,3,Goulburn,3441550
2023,3,Latrobe,217307
2023,3,Loddon,200666
2023,3,Maribyrnong,24422
2023,3,Melbourne,1654757
2023,3,Murray,4418445
2023,3,Ovens,30244
2023,3,South Gippsland,7672
2023,3,Thomson/Macalister,85650
2023,3,Werribee,58504
2023,4,,39866
2023,4,Ballarat,50188
2023,4,Bendigo,110766
2023,4,Broken,33007
2023,4,Campaspe,225687
2023,4,Geelong,74414
2023,4,Glenelg/Wimmera,362030
2023,4,Goulburn,3422063
2023,4,Latrobe,216823
2023,4,Loddon,193766
2023,4,Maribyrnong,24355
2023,4,Melbourne,1637085
2023,4,Murray,4215590
2023,4,Ovens,27330
2023,4,South Gippsland,7251
2023,4,Thomson/Macalister,88086
2023,4,Werribee,57961
2023,5,,35477
2023,5,Ballarat,49505
2023,5,Bendigo,109364
2023,5,Broken,33168
2023,5,Campaspe,222580
2023,5,Geelong,72773
2023,5,Glenelg/Wimmera,358410
2023,5,Goulburn,3445472
2023,5,Latrobe,215577
2023,5,Loddon,190915
2023,5,Maribyrnong,24230
2023,5,Melbourne,1626727
2023,5,Murray,4233255
2023,5,Ovens,26073
2023,5,South Gippsland,7782
2023,5,Thomson/Macalister,98076
2023,5,Werribee,57068
2023,6,,36561
2023,6,Ballarat,51590
2023,6,Bendigo,122482
2023,6,Broken,40925
2023,6,Campaspe,242744
2023,6,Geelong,75394
2023,6,Glenelg/Wimmera,387410
2023,6,Goulburn,3672782
2023,6,Latrobe,224714
2023,6,Loddon,223116
2023,6,Maribyrnong,24039
2023,6,Melbourne,1660223
2023,6,Murray,4402542
2023,6,Ovens,29690
2023,6,South Gippsland,10629
2023,6,Thomson/Macalister,138894
2023,6,Werribee,61653
2023,7,,37078
2023,7,Ballarat,53970
2023,7,Bendigo,126822
2023,7,Broken,40642
2023,7,Campaspe,250725
2023,7,Geelong,79853
2023,7,Glenelg/Wimmera,415780
2023,7,Goulburn,3606130
2023,7,Latrobe,233505
2023,7,Loddon,230312
2023,7,Maribyrnong,23946
2023,7,Melbourne,1673977
2023,7,Murray,4342688
2023,7,Ovens,28241
2023,7,South Gippsland,10591
2023,7,Thomson/Macalister,152965
2023,7,Werribee,65088
2023,8,,46115
2023,8,Ballarat,54165
2023,8,Bendigo,127094
2023,8,Broken,40723
2023,8,Campaspe,251274
2023,8,Geelong,80001
2023,8,Glenelg/Wimmera,424970
2023,8,Goulburn,3702083
2023,8,Latrobe,234456
2023,8,Loddon,232961
2023,8,Maribyrnong,23840
2023,8,Melbourne,1668314
2023,8,Murray,4435881
2023,8,Ovens,32620
2023,8,South Gippsland,10544
2023,8,Thomson/Macalister,156014
2023,8,Werribee,65871
2023,9,,48697
2023,9,Ballarat,54140
2023,9,Bendigo,125831
2023,9,Broken,40481
2023,9,Campaspe,240307
2023,9,Geelong,77965
2023,9,Glenelg/Wimmera,426610
2023,9,Goulburn,3633460
2023,9,Latrobe,234125
2023,9,Loddon,225023
2023,9,Maribyrnong,23574
2023,9,Melbourne,1677158
2023,9,Murray,4459379
2023,9,Ovens,32448
2023,9,South Gippsland,10356
2023,9,Thomson/Macalister,164775
2023,9,Werribee,65240
2023,10,,49213
2023,10,Ballarat,53687
2023,10,Bendigo,124753
2023,10,Broken,40521
2023,10,Campaspe,236042
2023,10,Geelong,75398
2023,10,Glenelg/Wimmera,410890
2023,10,Goulburn,3791017
2023,10,Latrobe,234431
2023,10,Loddon,220280
2023,10,Maribyrnong,23262
2023,10,Melbourne,1737721
2023,10,Murray,4398937
2023,10,Ovens,32585
2023,10,South Gippsland,10559
2023,10,Thomson/Macalister,175284
2023,10,Werribee,64633
2023,11,,52053
2023,11,Ballarat,52289
2023,11,Bendigo,121284
2023,11,Broken,40279
2023,11,Campaspe,226782
2023,11,Geelong,73099
2023,11,Glenelg/Wimmera,397200
2023,11,Goulburn,3749277
2023,11,Latrobe,233302
2023,11,Loddon,207182
2023,11,Maribyrnong,22758
2023,11,Melbourne,1722437
2023,11,Murray,4236215
2023,11,Ovens,35904
2023,11,South Gippsland,10128
2023,11,Thomson/Macalister,163916
2023,11,Werribee,62819
2023,12,,48542
2023,12,Ballarat,51728
2023,12,Bendigo,118778
2023,12,Broken,40198
2023,12,Campaspe,222488
2023,12,Geelong,78561
2023,12,Glenelg/Wimmera,384010
2023,12,Goulburn,3722929
2023,12,Latrobe,233747
2023,12,Loddon,210693
2023,12,Maribyrnong,22978
2023,12,Melbourne,1723504
2023,12,Murray,4203691
2023,12,Ovens,36971
2023,12,South Gippsland,9893
2023,12,Thomson/Macalister,165385
2023,12,Werribee,66849
2024,1,,49368
2024,1,Ballarat,50761
2024,1,Bendigo,121050
2024,1,Broken,40238
2024,1,Campaspe,249751
2024,1,Geelong,76039
2024,1,Glenelg/Wimmera,372120
2024,1,Goulburn,3711095
2024,1,Latrobe,233167
2024,1,Loddon,210022
2024,1,Maribyrnong,23486
2024,1,Melbourne,1728416
2024,1,Murray,4189937
2024,1,Ovens,34783
2024,1,South Gippsland,9459
2024,1,Thomson/Macalister,157266
2024,1,Werribee,66873
2024,2,,46476
2024,2,Ballarat,48400
2024,2,Bendigo,117120
2024,2,Broken,36804
2024,2,Campaspe,241100
2024,2,Geelong,70164
2024,2,Glenelg/Wimmera,349870
2024,2,Goulburn,3587537
2024,2,Latrobe,231202
2024,2,Loddon,198740
2024,2,Maribyrnong,22792
2024,2,Melbourne,1755741
2024,2,Murray,3996491
2024,2,Ovens,31660
2024,2,South Gippsland,8709
2024,2,Thomson/Macalister,122234
2024,2,Werribee,61868
2024,3,,46269
2024,3,Ballarat,45906
2024,3,Bendigo,111669
2024,3,Broken,33976
2024,3,Campaspe,233059
2024,3,Geelong,64036
2024,3,Glenelg/Wimmera,328380
2024,3,Goulburn,3410133
2024,3,Latrobe,224325
2024,3,Loddon,180722
2024,3,Maribyrnong,22033
2024,3,Melbourne,1643963
2024,3,Murray,3684148
2024,3,Ovens,28682
2024,3,South Gippsland,7930
2024,3,Thomson/Macalister,88386
2024,3,Werribee,57678
2024,4,,42396
2024,4,Ballarat,44972
2024,4,Bendigo,109159
2024,4,Broken,32320
2024,4,Campaspe,229403
2024,4,Geelong,60842
2024,4,Glenelg/Wimmera,316560
2024,4,Goulburn,3313347
2024,4,Latrobe,225127
2024,4,Loddon,174655
2024,4,Maribyrnong,21678
2024,4,Melbourne,1613074
2024,4,Murray,3545954
2024,4,Ovens,20630
2024,4,South Gippsland,7630
2024,4,Thomson/Macalister,82493
2024,4,Werribee,57525
2024,5,,39350
2024,5,Ballarat,43841
2024,5,Bendigo,105477
2024,5,Broken,31391
2024,5,Campaspe,225991
2024,5,Geelong,57652
2024,5,Glenelg/Wimmera,308540
2024,5,Goulburn,3287626
2024,5,Latrobe,227197
2024,5,Loddon,171063
2024,5,Maribyrnong,21334
2024,5,Melbourne,1582619
2024,5,Murray,3701431
2024,5,Ovens,19200
2024,5,South Gippsland,7173
2024,5,Thomson/Macalister,67523
2024,5,Werribee,56168
2024,6,,42706
2024,6,Ballarat,42699
2024,6,Bendigo,104051
2024,6,Broken,31431
2024,6,Campaspe,225582
2024,6,Geelong,54846
2024,6,Glenelg/Wimmera,307570
2024,6,Goulburn,3275080
2024,6,Latrobe,230309
2024,6,Loddon,169085
2024,6,Maribyrnong,21086
2024,6,Melbourne,1567608
2024,6,Murray,3832199
2024,6,Ovens,22818
2024,6,South Gippsland,6863
2024,6,Thomson/Macalister,75947
2024,6,Werribee,55079
2024,7,,45753
2024,7,Ballarat,42268
2024,7,Bendigo,104182
2024,7,Broken,33088
2024,7,Campaspe,224363
2024,7,Geelong,57243
2024,7,Glenelg/Wimmera,313200
2024,7,Goulburn,3335448
2024,7,Latrobe,234953
2024,7,Loddon,168706
2024,7,Maribyrnong,21247
2024,7,Melbourne,1612069
2024,7,Murray,3947015
2024,7,Ovens,32417
2024,7,South Gippsland,8628
2024,7,Thomson/Macalister,115767
2024,7,Werribee,55771
2024,8,,41105
2024,8,Ballarat,41395
2024,8,Bendigo,104802
2024,8,Broken,33451
2024,8,Campaspe,223334
2024,8,Geelong,56344
2024,8,Glenelg/Wimmera,313670
2024,8,Goulburn,3376940
2024,8,Latrobe,228194
2024,8,Loddon,165433
2024,8,Maribyrnong,21332
2024,8,Melbourne,1625371
2024,8,Murray,4070555
2024,8,Ovens,34675
2024,8,South Gippsland,8408
2024,8,Thomson/Macalister,136195
2024,8,Werribee,55086
2024,9,,48283
2024,9,Ballarat,40582
2024,9,Bendigo,101500
2024,9,Broken,33532
2024,9,Campaspe,207096
2024,9,Geelong,60860
2024,9,Glenelg/Wimmera,315830
2024,9,Goulburn,3233065
2024,9,Latrobe,232105
2024,9,Loddon,152692
2024,9,Maribyrnong,21316
2024,9,Melbourne,1628308
2024,9,Murray,3907228
2024,9,Ovens,35948
2024,9,South Gippsland,8555
2024,9,Thomson/Macalister,164288
2024,9,Werribee,54326
2024,10,,47560
2024,10,Ballarat,39662
2024,10,Bendigo,98859
2024,10,Broken,33330
2024,10,Campaspe,201100
2024,10,Geelong,59502
2024,10,Glenelg/Wimmera,312080
2024,10,Goulburn,3154906
2024,10,Latrobe,230702
2024,10,Loddon,146119
2024,10,Maribyrnong,21263
2024,10,Melbourne,1631565
2024,10,Murray,3778362
2024,10,Ovens,36924
2024,10,South Gippsland,8386
2024,10,Thomson/Macalister,167730
2024,10,Werribee,53403
2024,11,,48232
2024,11,Ballarat,38122
2024,11,Bendigo,94751
2024,11,Broken,32562
2024,11,Campaspe,193106
2024,11,Geelong,56421
2024,11,Glenelg/Wimmera,295950
2024,11,Goulburn,3083552
2024,11,Latrobe,220328
2024,11,Loddon,140995
2024,11,Maribyrnong,20988
2024,11,Melbourne,1600364
2024,11,Murray,3584153
2024,11,Ovens,36765
2024,11,South Gippsland,7953
2024,11,Thomson/Macalister,146649
2024,11,Werribee,51449
2024,12,,44824
2024,12,Ballarat,35989
2024,12,Bendigo,91411
2024,12,Broken,34138
2024,12,Campaspe,187111
2024,12,Geelong,52842
2024,12,Glenelg/Wimmera,275870
2024,12,Goulburn,3015215
2024,12,Latrobe,204291
2024,12,Loddon,135147
2024,12,Maribyrnong,20248
2024,12,Melbourne,1565225
2024,12,Murray,3546669
2024,12,Ovens,37020
2024,12,South Gippsland,7260
2024,12,Thomson/Macalister,136283
2024,12,Werribee,48067
2025,1,,48697
2025,1,Ballarat,34043
2025,1,Bendigo,86103
2025,1,Broken,30462
2025,1,Campaspe,177618
2025,1,Geelong,48228
2025,1,Glenelg/Wimmera,258480
2025,1,Goulburn,2834873
2025,1,Latrobe,195690
2025,1,Loddon,127509
2025,1,Maribyrnong,19387
2025,1,Melbourne,1513366
2025,1,Murray,3180965
2025,1,Ovens,35221
2025,1,South Gippsland,6457
2025,1,Thomson/Macalister,108241
2025,1,Werribee,44877
2025,2,,49213
2025,2,Ballarat,32150
2025,2,Bendigo,81061
2025,2,Broken,26745
2025,2,Campaspe,168375
2025,2,Geelong,44313
2025,2,Glenelg/Wimmera,238590
2025,2,Goulburn,2656076
2025,2,Latrobe,188143
2025,2,Loddon,118681
2025,2,Maribyrnong,18635
2025,2,Melbourne,1467009
2025,2,Murray,2875963
2025,2,Ovens,31451
2025,2,South Gippsland,5904
2025,2,Thomson/Macalister,109079
2025,2,Werribee,41906
2025,3,,46631
2025,3,Ballarat,30098
2025,3,Bendigo,77027
2025,3,Broken,23634
2025,3,Campaspe,159131
2025,3,Geelong,40232
2025,3,Glenelg/Wimmera,223160
2025,3,Goulburn,2404113
2025,3,Latrobe,178217
2025,3,Loddon,107532
2025,3,Maribyrnong,17787
2025,3,Melbourne,1415363
2025,3,Murray,2488852
2025,3,Ovens,27598
2025,3,South Gippsland,5467
2025,3,Thomson/Macalister,92672
2025,3,Werribee,39229
2025,4,,46269
2025,4,Ballarat,29067
2025,4,Bendigo,73621
2025,4,Broken,20079
2025,4,Campaspe,151887
2025,4,Geelong,37179
2025,4,Glenelg/Wimmera,214430
2025,4,Goulburn,2253901
2025,4,Latrobe,172718
2025,4,Loddon,100145
2025,4,Maribyrnong,17148
2025,4,Melbourne,1368773
2025,4,Murray,2441828
2025,4,Ovens,20585
2025,4,South Gippsland,5080
2025,4,Thomson/Macalister,79378
2025,4,Werribee,37168
2025,5,,36664
2025,5,Ballarat,28346
2025,5,Bendigo,71384
2025,5,Broken,18220
2025,5,Campaspe,146391
2025,5,Geelong,34674
2025,5,Glenelg/Wimmera,206940
2025,5,Goulburn,2174603
2025,5,Latrobe,164680
2025,5,Loddon,95639
2025,5,Maribyrnong,16510
2025,5,Melbourne,1322883
2025,5,Murray,2876598
2025,5,Ovens,17550
2025,5,South Gippsland,4850
2025,5,Thomson/Macalister,70562
2025,5,Werribee,35842
2025,6,,35012
2025,6,Ballarat,28191
2025,6,Bendigo,70238
2025,6,Broken,17776
2025,6,Campaspe,141644
2025,6,Geelong,34748
2025,6,Glenelg/Wimmera,209680
2025,6,Goulburn,2189084
2025,6,Latrobe,162627
2025,6,Loddon,94121
2025,6,Maribyrnong,16314
2025,6,Melbourne,1295312
2025,6,Murray,3056708
2025,6,Ovens,26366
2025,6,South Gippsland,4767
2025,6,Thomson/Macalister,69439
2025,6,Werribee,35392
2025,7,,37749
2025,7,Ballarat,27843
2025,7,Bendigo,70817
2025,7,Broken,24200
2025,7,Campaspe,140146
2025,7,Geelong,34806
2025,7,Glenelg/Wimmera,224480
2025,7,Goulburn,2195418
2025,7,Latrobe,179597
2025,7,Loddon,93701
2025,7,Maribyrnong,16468
2025,7,Melbourne,1308273
2025,7,Murray,3227282
2025,7,Ovens,32297
2025,7,South Gippsland,5010
2025,7,Thomson/Macalister,132164
2025,7,Werribee,35964
2025,8,,50452
2025,8,Ballarat,27962
2025,8,Bendigo,73131
2025,8,Broken,27593
2025,8,Campaspe,137897
2025,8,Geelong,35193
2025,8,Glenelg/Wimmera,229230
2025,8,Goulburn,2199366
2025,8,Latrobe,182389
2025,8,Loddon,93520
2025,8,Maribyrnong,16619
2025,8,Melbourne,1307901
2025,8,Murray,3444841
2025,8,Ovens,34598
2025,8,South Gippsland,5113
2025,8,Thomson/Macalister,172243
2025,8,Werribee,37867
2025,9,,48025
2025,9,Ballarat,28997
2025,9,Bendigo,75172
2025,9,Broken,29734
2025,9,Campaspe,129154
2025,9,Geelong,38697
2025,9,Glenelg/Wimmera,246230
2025,9,Goulburn,2185561
2025,9,Latrobe,186752
2025,9,Loddon,96042
2025,9,Maribyrnong,16618
2025,9,Melbourne,1327479
2025,9,Murray,3672955
2025,9,Ovens,32626
2025,9,South Gippsland,5591
2025,9,Thomson/Macalister,176609
2025,9,Werribee,39823
